"","site_network_id","site","variable","date_started","date_ended","data_table","site_name","latitude","longitude","altitude","network_parameter_id","network_id","network_name","site_type","region","agglomeration","database_name","site_friendly","variable_friendly"
"1",812,"ANT1","SO2",2004-11-25,2010-06-18,"measurement","Antrim Greystone Estate",54.7099,-6.188552,"61",8,"nire","Northern Ireland Automatic Urban Network",NA,"Northern Ireland",NA,"niarc","ant1","so2"
"2",813,"ARDS","SO2",2003-03-01,2006-04-10,"measurement","Ards Glen community centre",54.599072,-5.699291,NA,8,"nire","Northern Ireland Automatic Urban Network","urban_background","Northern Ireland",NA,"niarc","ards","so2"
"3",956,"ARDS","GE10",2003-03-01,2006-04-10,"measurement","Ards Glen community centre",54.599072,-5.699291,NA,6,"nire","Northern Ireland Automatic Urban Network",NA,"Northern Ireland",NA,"niarc","ards","ge10"
"4",902,"ARDS","SPED",2003-03-01,2006-04-10,"measurement","Ards Glen community centre",54.599072,-5.699291,NA,23,"nire","Northern Ireland Automatic Urban Network",NA,"Northern Ireland",NA,"niarc","ards","ws"
"5",814,"ARDS","PM10",2003-03-01,2006-04-10,"measurement","Ards Glen community centre",54.599072,-5.699291,NA,999,"nire","Northern Ireland Automatic Urban Network","urban_background","Northern Ireland",NA,"niarc","ards","pm10"
"6",929,"ARDS","TMP",2003-03-01,2006-04-10,"measurement","Ards Glen community centre",54.599072,-5.699291,NA,24,"nire","Northern Ireland Automatic Urban Network",NA,"Northern Ireland",NA,"niarc","ards","tmp"
"7",901,"ARDS","DIR",2003-03-01,2006-04-10,"measurement","Ards Glen community centre",54.599072,-5.699291,NA,22,"nire","Northern Ireland Automatic Urban Network",NA,"Northern Ireland",NA,"niarc","ards","wd"
"8",903,"ARDS","T",2003-03-01,2006-04-10,"measurement","Ards Glen community centre",54.599072,-5.699291,NA,21,"nire","Northern Ireland Automatic Urban Network",NA,"Northern Ireland",NA,"niarc","ards","temp"
"9",987,"ARD2","T",2006-04-11,2011-10-25,"measurement","Ards Leisure Centre",54.597019,-5.703319,"14",21,"nire","Northern Ireland Automatic Urban Network","urban_background","Northern Ireland",NA,"niarc","ard2","temp"
"10",991,"ARD2","GE10",2006-04-11,2011-10-25,"measurement","Ards Leisure Centre",54.597019,-5.703319,"14",6,"nire","Northern Ireland Automatic Urban Network","urban_background","Northern Ireland",NA,"niarc","ard2","ge10"
"11",1005,"ARD2","DIR",2006-04-11,2011-10-25,"measurement","Ards Leisure Centre",54.597019,-5.703319,"14",22,"nire","Northern Ireland Automatic Urban Network","urban_background","Northern Ireland",NA,"niarc","ard2","wd"
"12",985,"ARD2","PM10",2006-04-11,2011-10-25,"measurement","Ards Leisure Centre",54.597019,-5.703319,"14",999,"nire","Northern Ireland Automatic Urban Network","urban_background","Northern Ireland",NA,"niarc","ard2","pm10"
"13",986,"ARD2","SO2",2006-04-11,2010-04-06,"measurement","Ards Leisure Centre",54.597019,-5.703319,"14",8,"nire","Northern Ireland Automatic Urban Network","urban_background","Northern Ireland",NA,"niarc","ard2","so2"
"14",1006,"ARD2","SPED",2006-04-11,2011-10-25,"measurement","Ards Leisure Centre",54.597019,-5.703319,"14",23,"nire","Northern Ireland Automatic Urban Network","urban_background","Northern Ireland",NA,"niarc","ard2","ws"
"15",943,"ARM2","GE10",1999-01-01,1999-12-31,"measurement","Armagh",54.34214,-6.65771,NA,6,"nire","Northern Ireland Automatic Urban Network",NA,"Northern Ireland",NA,"niarc","arm2","ge10"
"16",878,"ARM2","PM10",1999-01-01,1999-12-31,"measurement","Armagh",54.34214,-6.65771,NA,999,"nire","Northern Ireland Automatic Urban Network",NA,"Northern Ireland",NA,"niarc","arm2","pm10"
"17",880,"ARM4","SO2",2003-02-18,2005-03-17,"measurement","Armagh Dobbin Street",54.353345,-6.651961,NA,8,"nire","Northern Ireland Automatic Urban Network",NA,"Northern Ireland",NA,"niarc","arm4","so2"
"18",1172,"ARM5","M_SPED",2010-08-01,NA,"measurement","Armagh Lonsdale Road",54.353728,-6.654558,"41",1373,"nire","Northern Ireland Automatic Urban Network",NA,"Northern Ireland",NA,"niarc","arm5","ws"
"19",920,"ARM5","SPED",2005-01-01,2012-02-03,"measurement","Armagh Lonsdale Road",54.353728,-6.654558,"41",23,"nire","Northern Ireland Automatic Urban Network","roadside","Northern Ireland",NA,"niarc","arm5","ws"
"20",1173,"ARM5","M_DIR",2010-08-01,NA,"measurement","Armagh Lonsdale Road",54.353728,-6.654558,"41",1374,"nire","Northern Ireland Automatic Urban Network",NA,"Northern Ireland",NA,"niarc","arm5","wd"
"21",957,"ARM5","GE10",2005-01-01,NA,"measurement","Armagh Lonsdale Road",54.353728,-6.654558,"41",6,"nire","Northern Ireland Automatic Urban Network","roadside","Northern Ireland",NA,"niarc","arm5","ge10"
"22",919,"ARM5","DIR",2005-01-01,2012-02-03,"measurement","Armagh Lonsdale Road",54.353728,-6.654558,"41",22,"nire","Northern Ireland Automatic Urban Network","roadside","Northern Ireland",NA,"niarc","arm5","wd"
"23",1087,"ARM5","V10",2010-09-03,NA,"measurement","Armagh Lonsdale Road",54.353728,-6.654558,"41",1004,"nire","Northern Ireland Automatic Urban Network","roadside","Northern Ireland",NA,"niarc","arm5","v10"
"24",815,"ARM5","NO2",2005-01-01,NA,"measurement","Armagh Lonsdale Road",54.353728,-6.654558,"41",3,"nire","Northern Ireland Automatic Urban Network","roadside","Northern Ireland",NA,"niarc","arm5","no2"
"25",976,"ARM5","NO",2005-01-01,NA,"measurement","Armagh Lonsdale Road",54.353728,-6.654558,"41",2,"nire","Northern Ireland Automatic Urban Network","roadside","Northern Ireland",NA,"niarc","arm5","no"
"26",1171,"ARM5","M_T",2010-08-01,NA,"measurement","Armagh Lonsdale Road",54.353728,-6.654558,"41",1372,"nire","Northern Ireland Automatic Urban Network",NA,"Northern Ireland",NA,"niarc","arm5","temp"
"27",816,"ARM5","PM10",2005-01-01,2010-09-03,"measurement","Armagh Lonsdale Road",54.353728,-6.654558,"41",999,"nire","Northern Ireland Automatic Urban Network","roadside","Northern Ireland",NA,"niarc","arm5","pm10"
"28",977,"ARM5","NOXasNO2",2005-01-01,NA,"measurement","Armagh Lonsdale Road",54.353728,-6.654558,"41",9,"nire","Northern Ireland Automatic Urban Network","roadside","Northern Ireland",NA,"niarc","arm5","nox"
"29",1086,"ARM5","NV10",2010-09-03,NA,"measurement","Armagh Lonsdale Road",54.353728,-6.654558,"41",1003,"nire","Northern Ireland Automatic Urban Network","roadside","Northern Ireland",NA,"niarc","arm5","nv10"
"30",942,"ARM3","GE10",1999-12-01,2000-01-24,"measurement","Armagh Shambles Yard",54.34214,-6.65771,NA,6,"nire","Northern Ireland Automatic Urban Network",NA,"Northern Ireland",NA,"niarc","arm3","ge10"
"31",879,"ARM3","PM10",1999-12-01,2000-01-24,"measurement","Armagh Shambles Yard",54.34214,-6.65771,NA,999,"nire","Northern Ireland Automatic Urban Network",NA,"Northern Ireland",NA,"niarc","arm3","pm10"
"32",1054,"BALY","NV10",2008-09-24,NA,"measurement","Ballymena Ballykeel",54.861595,-6.250873,NA,1003,"nire","Northern Ireland Automatic Urban Network",NA,"Northern Ireland",NA,"niarc","baly","nv10"
"33",1176,"BALY","M_DIR",2010-08-01,NA,"measurement","Ballymena Ballykeel",54.861595,-6.250873,NA,1374,"nire","Northern Ireland Automatic Urban Network",NA,"Northern Ireland",NA,"niarc","baly","wd"
"34",1193,"BALY","NO",2016-04-28,NA,"measurement","Ballymena Ballykeel",54.861595,-6.250873,NA,2,"nire","Northern Ireland Automatic Urban Network",NA,"Northern Ireland",NA,"niarc","baly","no"
"35",1055,"BALY","V10",2008-09-24,NA,"measurement","Ballymena Ballykeel",54.861595,-6.250873,NA,1004,"nire","Northern Ireland Automatic Urban Network",NA,"Northern Ireland",NA,"niarc","baly","v10"
"36",818,"BALY","PM10",2003-04-01,2008-09-23,"measurement","Ballymena Ballykeel",54.861595,-6.250873,NA,999,"nire","Northern Ireland Automatic Urban Network",NA,"Northern Ireland",NA,"niarc","baly","pm10"
"37",915,"BALY","SPED",2003-04-01,NA,"measurement","Ballymena Ballykeel",54.861595,-6.250873,NA,23,"nire","Northern Ireland Automatic Urban Network",NA,"Northern Ireland",NA,"niarc","baly","ws"
"38",1174,"BALY","M_T",2010-08-01,NA,"measurement","Ballymena Ballykeel",54.861595,-6.250873,NA,1372,"nire","Northern Ireland Automatic Urban Network",NA,"Northern Ireland",NA,"niarc","baly","temp"
"39",958,"BALY","GE10",2003-04-01,NA,"measurement","Ballymena Ballykeel",54.861595,-6.250873,NA,6,"nire","Northern Ireland Automatic Urban Network",NA,"Northern Ireland",NA,"niarc","baly","ge10"
"40",1195,"BALY","NOXasNO2",2016-04-28,NA,"measurement","Ballymena Ballykeel",54.861595,-6.250873,NA,9,"nire","Northern Ireland Automatic Urban Network",NA,"Northern Ireland",NA,"niarc","baly","nox"
"41",819,"BALY","SO2",2003-04-01,NA,"measurement","Ballymena Ballykeel",54.861595,-6.250873,NA,8,"nire","Northern Ireland Automatic Urban Network",NA,"Northern Ireland",NA,"niarc","baly","so2"
"42",914,"BALY","DIR",2003-04-01,NA,"measurement","Ballymena Ballykeel",54.861595,-6.250873,NA,22,"nire","Northern Ireland Automatic Urban Network",NA,"Northern Ireland",NA,"niarc","baly","wd"
"43",1175,"BALY","M_SPED",2010-08-01,NA,"measurement","Ballymena Ballykeel",54.861595,-6.250873,NA,1373,"nire","Northern Ireland Automatic Urban Network",NA,"Northern Ireland",NA,"niarc","baly","ws"
"44",1194,"BALY","NO2",2016-04-28,NA,"measurement","Ballymena Ballykeel",54.861595,-6.250873,NA,3,"nire","Northern Ireland Automatic Urban Network",NA,"Northern Ireland",NA,"niarc","baly","no2"
"45",817,"BALN","NO2",2003-03-01,2015-09-30,"measurement","Ballymena North Road",54.863252,-6.277772,NA,3,"nire","Northern Ireland Automatic Urban Network",NA,"Northern Ireland",NA,"niarc","baln","no2"
"46",978,"BALN","NOXasNO2",2003-03-01,2015-09-30,"measurement","Ballymena North Road",54.863252,-6.277772,NA,9,"nire","Northern Ireland Automatic Urban Network",NA,"Northern Ireland",NA,"niarc","baln","nox"
"47",1108,"BALN","M_T",2010-08-01,2015-09-30,"measurement","Ballymena North Road",54.863252,-6.277772,NA,1372,"nire","Northern Ireland Automatic Urban Network",NA,"Northern Ireland",NA,"niarc","baln","temp"
"48",1109,"BALN","M_SPED",2010-08-01,2015-09-30,"measurement","Ballymena North Road",54.863252,-6.277772,NA,1373,"nire","Northern Ireland Automatic Urban Network",NA,"Northern Ireland",NA,"niarc","baln","ws"
"49",823,"BALN","NO",2003-03-01,2015-09-30,"measurement","Ballymena North Road",54.863252,-6.277772,NA,2,"nire","Northern Ireland Automatic Urban Network",NA,"Northern Ireland",NA,"niarc","baln","no"
"50",1110,"BALN","M_DIR",2010-08-01,2015-09-30,"measurement","Ballymena North Road",54.863252,-6.277772,NA,1374,"nire","Northern Ireland Automatic Urban Network",NA,"Northern Ireland",NA,"niarc","baln","wd"
"51",960,"BMON","PM10",2004-01-01,2010-02-11,"measurement","Ballymoney Glebeside Estate",55.075312,-6.5088,NA,999,"nire","Northern Ireland Automatic Urban Network",NA,"Northern Ireland",NA,"niarc","bmon","pm10"
"52",916,"BMON","DIR",2004-01-01,2010-02-11,"measurement","Ballymoney Glebeside Estate",55.075312,-6.5088,NA,22,"nire","Northern Ireland Automatic Urban Network",NA,"Northern Ireland",NA,"niarc","bmon","wd"
"53",1016,"BMON","GE10",2004-01-01,2010-02-11,"measurement","Ballymoney Glebeside Estate",55.075312,-6.5088,NA,6,"nire","Northern Ireland Automatic Urban Network",NA,"Northern Ireland",NA,"niarc","bmon","ge10"
"54",917,"BMON","SPED",2004-01-01,2010-02-11,"measurement","Ballymoney Glebeside Estate",55.075312,-6.5088,NA,23,"nire","Northern Ireland Automatic Urban Network",NA,"Northern Ireland",NA,"niarc","bmon","ws"
"55",722,"BEL2","CO",1992-03-08,NA,"measurement","Belfast Centre",54.59965,-5.928833,"",1,"nire","Northern Ireland Automatic Urban Network","urban_centre","Northern Ireland","Belfast Metropolitan Urban Area","niarc","bel2","co"
"56",726,"BEL2","GE10",1992-03-08,NA,"measurement","Belfast Centre",54.59965,-5.928833,"",6,"nire","Northern Ireland Automatic Urban Network","urban_centre","Northern Ireland","Belfast Metropolitan Urban Area","niarc","bel2","ge10"
"57",1058,"BEL2","uGR10",2001-02-03,2004-05-13,"measurement","Belfast Centre",54.59965,-5.928833,"",1025,"bvpartisol","Research Partisol","urban_centre","Northern Ireland","Belfast Metropolitan Urban Area","niarc","bel2","ugr10"
"58",1051,"BEL2","V10",2008-10-01,NA,"measurement","Belfast Centre",54.59965,-5.928833,"",1004,"nire","Northern Ireland Automatic Urban Network","urban_centre","Northern Ireland","Belfast Metropolitan Urban Area","niarc","bel2","v10"
"59",1122,"BEL2","M_DIR",2010-08-01,NA,"measurement","Belfast Centre",54.59965,-5.928833,"",1374,"nire","Northern Ireland Automatic Urban Network",NA,"Northern Ireland","Belfast Metropolitan Urban Area","niarc","bel2","wd"
"60",723,"BEL2","NO",1992-03-08,NA,"measurement","Belfast Centre",54.59965,-5.928833,"",2,"nire","Northern Ireland Automatic Urban Network","urban_centre","Northern Ireland","Belfast Metropolitan Urban Area","niarc","bel2","no"
"61",727,"BEL2","SO2",1992-03-08,NA,"measurement","Belfast Centre",54.59965,-5.928833,"",8,"nire","Northern Ireland Automatic Urban Network","urban_centre","Northern Ireland","Belfast Metropolitan Urban Area","niarc","bel2","so2"
"62",1059,"BEL2","uGR25",2001-02-02,2007-10-08,"measurement","Belfast Centre",54.59965,-5.928833,"",1026,"bvpartisol","Research Partisol","urban_centre","Northern Ireland","Belfast Metropolitan Urban Area","niarc","bel2","ugr25"
"63",1052,"BEL2","NV25",2008-10-01,NA,"measurement","Belfast Centre",54.59965,-5.928833,"",1005,"nire","Northern Ireland Automatic Urban Network","urban_centre","Northern Ireland","Belfast Metropolitan Urban Area","niarc","bel2","nv25"
"64",731,"BEL2","PM10",1992-03-08,2008-10-01,"measurement","Belfast Centre",54.59965,-5.928833,"",999,"nire","Northern Ireland Automatic Urban Network","urban_centre","Northern Ireland","Belfast Metropolitan Urban Area","niarc","bel2","pm10"
"65",724,"BEL2","NO2",1992-03-08,NA,"measurement","Belfast Centre",54.59965,-5.928833,"",3,"nire","Northern Ireland Automatic Urban Network","urban_centre","Northern Ireland","Belfast Metropolitan Urban Area","niarc","bel2","no2"
"66",933,"BEL2","TMP",1992-03-08,2006-02-28,"measurement","Belfast Centre",54.59965,-5.928833,"",24,"nire","Northern Ireland Automatic Urban Network",NA,"Northern Ireland","Belfast Metropolitan Urban Area","niarc","bel2","tmp"
"67",1030,"BEL2","GR10",2001-02-03,2004-05-13,"measurement","Belfast Centre",54.59965,-5.928833,"",1023,"bvpartisol","Research Partisol","urban_centre","Northern Ireland","Belfast Metropolitan Urban Area","niarc","bel2","gr10"
"68",1049,"BEL2","PM25",2008-10-01,NA,"measurement","Belfast Centre",54.59965,-5.928833,"",7,"nire","Northern Ireland Automatic Urban Network","urban_centre","Northern Ireland","Belfast Metropolitan Urban Area","niarc","bel2","pm25"
"69",1120,"BEL2","M_T",2010-08-01,NA,"measurement","Belfast Centre",54.59965,-5.928833,"",1372,"nire","Northern Ireland Automatic Urban Network",NA,"Northern Ireland","Belfast Metropolitan Urban Area","niarc","bel2","temp"
"70",728,"BEL2","NOXasNO2",1992-03-08,NA,"measurement","Belfast Centre",54.59965,-5.928833,"",9,"nire","Northern Ireland Automatic Urban Network","urban_centre","Northern Ireland","Belfast Metropolitan Urban Area","niarc","bel2","nox"
"71",1053,"BEL2","V25",2008-10-01,NA,"measurement","Belfast Centre",54.59965,-5.928833,"",1006,"nire","Northern Ireland Automatic Urban Network","urban_centre","Northern Ireland","Belfast Metropolitan Urban Area","niarc","bel2","v25"
"72",725,"BEL2","O3",1992-03-08,NA,"measurement","Belfast Centre",54.59965,-5.928833,"",5,"nire","Northern Ireland Automatic Urban Network","urban_centre","Northern Ireland","Belfast Metropolitan Urban Area","niarc","bel2","o3"
"73",1031,"BEL2","GR25",2001-02-02,2007-10-08,"measurement","Belfast Centre",54.59965,-5.928833,"",1024,"bvpartisol","Research Partisol","urban_centre","Northern Ireland","Belfast Metropolitan Urban Area","niarc","bel2","gr25"
"74",1050,"BEL2","NV10",2008-10-01,NA,"measurement","Belfast Centre",54.59965,-5.928833,"",1003,"nire","Northern Ireland Automatic Urban Network","urban_centre","Northern Ireland","Belfast Metropolitan Urban Area","niarc","bel2","nv10"
"75",1121,"BEL2","M_SPED",2010-08-01,NA,"measurement","Belfast Centre",54.59965,-5.928833,"",1373,"nire","Northern Ireland Automatic Urban Network",NA,"Northern Ireland","Belfast Metropolitan Urban Area","niarc","bel2","ws"
"76",756,"BEL4","GE10",1998-06-01,2007-09-30,"measurement","Belfast Clara St",54.591256,-5.89546,"20",6,"nire","Northern Ireland Automatic Urban Network","suburban","Northern Ireland","Belfast Metropolitan Urban Area","niarc","bel4","ge10"
"77",757,"BEL4","PM10",2006-01-01,2007-09-30,"measurement","Belfast Clara St",54.591256,-5.89546,"20",999,"nire","Northern Ireland Automatic Urban Network","suburban","Northern Ireland","Belfast Metropolitan Urban Area","niarc","bel4","pm10"
"78",1070,"BE1","PM25",2009-02-23,2010-03-31,"measurement","Belfast Clara St (Local Authority)",54.591291,-5.895113,"20",7,"nire","Northern Ireland Automatic Urban Network","suburban","Northern Ireland","Belfast Metropolitan Urban Area","niarc","be1","pm25"
"79",1071,"BE1","NV25",2009-02-23,2010-03-31,"measurement","Belfast Clara St (Local Authority)",54.591291,-5.895113,"20",1005,"nire","Northern Ireland Automatic Urban Network","suburban","Northern Ireland","Belfast Metropolitan Urban Area","niarc","be1","nv25"
"80",1072,"BE1","V25",2009-02-23,2010-03-31,"measurement","Belfast Clara St (Local Authority)",54.591291,-5.895113,"20",1006,"nire","Northern Ireland Automatic Urban Network","urban_industrial","Northern Ireland","Belfast Metropolitan Urban Area","niarc","be1","v25"
"81",676,"BEL","SO2",1989-09-06,2007-09-30,"measurement","Belfast East",54.59653,-5.901667,"20",8,"nire","Northern Ireland Automatic Urban Network","urban_background","Northern Ireland","Belfast Metropolitan Urban Area","niarc","bel","so2"
"82",932,"BEL","TMP",1989-09-06,2007-09-30,"measurement","Belfast East",54.59653,-5.901667,"20",24,"nire","Northern Ireland Automatic Urban Network",NA,"Northern Ireland","Belfast Metropolitan Urban Area","niarc","bel","tmp"
"83",1125,"BEL5","M_DIR",2010-08-01,NA,"measurement","Belfast Newtownards Road",54.594789,-5.857523,NA,1374,"nire","Northern Ireland Automatic Urban Network",NA,"Northern Ireland","Belfast Metropolitan Urban Area","niarc","bel5","wd"
"84",967,"BEL5","NOXasNO2",2002-04-01,NA,"measurement","Belfast Newtownards Road",54.594789,-5.857523,NA,9,"nire","Northern Ireland Automatic Urban Network",NA,"Northern Ireland","Belfast Metropolitan Urban Area","niarc","bel5","nox"
"85",1123,"BEL5","M_T",2010-08-01,NA,"measurement","Belfast Newtownards Road",54.594789,-5.857523,NA,1372,"nire","Northern Ireland Automatic Urban Network",NA,"Northern Ireland","Belfast Metropolitan Urban Area","niarc","bel5","temp"
"86",965,"BEL5","NO",2002-04-01,NA,"measurement","Belfast Newtownards Road",54.594789,-5.857523,NA,2,"nire","Northern Ireland Automatic Urban Network",NA,"Northern Ireland","Belfast Metropolitan Urban Area","niarc","bel5","no"
"87",1124,"BEL5","M_SPED",2010-08-01,NA,"measurement","Belfast Newtownards Road",54.594789,-5.857523,NA,1373,"nire","Northern Ireland Automatic Urban Network",NA,"Northern Ireland","Belfast Metropolitan Urban Area","niarc","bel5","ws"
"88",966,"BEL5","NO2",2002-04-01,NA,"measurement","Belfast Newtownards Road",54.594789,-5.857523,NA,3,"nire","Northern Ireland Automatic Urban Network",NA,"Northern Ireland","Belfast Metropolitan Urban Area","niarc","bel5","no2"
"89",999,"BEL0","NOXasNO2",2006-05-24,NA,"measurement","Belfast Ormeau Road",54.587516,-5.92378,"",9,"nire","Northern Ireland Automatic Urban Network","roadside","Northern Ireland","Belfast Metropolitan Urban Area","niarc","bel0","nox"
"90",1115,"BEL0","M_SPED",2010-08-01,NA,"measurement","Belfast Ormeau Road",54.587516,-5.92378,"",1373,"nire","Northern Ireland Automatic Urban Network",NA,"Northern Ireland","Belfast Metropolitan Urban Area","niarc","bel0","ws"
"91",1116,"BEL0","M_DIR",2010-08-01,NA,"measurement","Belfast Ormeau Road",54.587516,-5.92378,"",1374,"nire","Northern Ireland Automatic Urban Network",NA,"Northern Ireland","Belfast Metropolitan Urban Area","niarc","bel0","wd"
"92",997,"BEL0","NO",2006-05-24,NA,"measurement","Belfast Ormeau Road",54.587516,-5.92378,"",2,"nire","Northern Ireland Automatic Urban Network","roadside","Northern Ireland","Belfast Metropolitan Urban Area","niarc","bel0","no"
"93",998,"BEL0","NO2",2006-05-24,NA,"measurement","Belfast Ormeau Road",54.587516,-5.92378,"",3,"nire","Northern Ireland Automatic Urban Network","roadside","Northern Ireland","Belfast Metropolitan Urban Area","niarc","bel0","no2"
"94",1114,"BEL0","M_T",2010-08-01,NA,"measurement","Belfast Ormeau Road",54.587516,-5.92378,"",1372,"nire","Northern Ireland Automatic Urban Network",NA,"Northern Ireland","Belfast Metropolitan Urban Area","niarc","bel0","temp"
"95",754,"BEL3","oXYLENE",1993-08-01,2000-12-31,"measurement","Belfast South",54.59918,-5.912416,"",352,"hc","Automatic Hydrocarbon Monitoring Network","urban_background","Northern Ireland","Belfast Metropolitan Urban Area","niarc","bel3","oxylene"
"96",747,"BEL3","ISOPRENE",1993-08-01,2000-12-31,"measurement","Belfast South",54.59918,-5.912416,"",345,"hc","Automatic Hydrocarbon Monitoring Network","urban_background","Northern Ireland","Belfast Metropolitan Urban Area","niarc","bel3","isoprene"
"97",740,"BEL3","1BUTENE",1993-08-01,2000-12-31,"measurement","Belfast South",54.59918,-5.912416,"",336,"hc","Automatic Hydrocarbon Monitoring Network","urban_background","Northern Ireland","Belfast Metropolitan Urban Area","niarc","bel3","1butene"
"98",733,"BEL3","ETHENE",1993-08-01,2000-12-31,"measurement","Belfast South",54.59918,-5.912416,"",329,"hc","Automatic Hydrocarbon Monitoring Network","urban_background","Northern Ireland","Belfast Metropolitan Urban Area","niarc","bel3","ethene"
"99",751,"BEL3","TOLUENE",1993-08-01,2000-12-31,"measurement","Belfast South",54.59918,-5.912416,"",349,"hc","Automatic Hydrocarbon Monitoring Network","urban_background","Northern Ireland","Belfast Metropolitan Urban Area","niarc","bel3","toluene"
"100",744,"BEL3","13BDIENE",1993-08-01,2000-12-31,"measurement","Belfast South",54.59918,-5.912416,"",340,"hc","Automatic Hydrocarbon Monitoring Network","urban_background","Northern Ireland","Belfast Metropolitan Urban Area","niarc","bel3","13bdiene"
"101",737,"BEL3","iBUTANE",1993-08-01,2000-12-31,"measurement","Belfast South",54.59918,-5.912416,"",333,"hc","Automatic Hydrocarbon Monitoring Network","urban_background","Northern Ireland","Belfast Metropolitan Urban Area","niarc","bel3","ibutane"
"102",755,"BEL3","MEPENT",1993-08-01,2000-12-31,"measurement","Belfast South",54.59918,-5.912416,"",355,"hc","Automatic Hydrocarbon Monitoring Network","urban_background","Northern Ireland","Belfast Metropolitan Urban Area","niarc","bel3","mepent"
"103",748,"BEL3","nHEXANE",1993-08-01,2000-12-31,"measurement","Belfast South",54.59918,-5.912416,"",346,"hc","Automatic Hydrocarbon Monitoring Network","urban_background","Northern Ireland","Belfast Metropolitan Urban Area","niarc","bel3","nhexane"
"104",741,"BEL3","c2BUTENE",1993-08-01,2000-12-31,"measurement","Belfast South",54.59918,-5.912416,"",337,"hc","Automatic Hydrocarbon Monitoring Network","urban_background","Northern Ireland","Belfast Metropolitan Urban Area","niarc","bel3","c2butene"
"105",734,"BEL3","ETHYNE",1993-08-01,2000-12-31,"measurement","Belfast South",54.59918,-5.912416,"",330,"hc","Automatic Hydrocarbon Monitoring Network","urban_background","Northern Ireland","Belfast Metropolitan Urban Area","niarc","bel3","ethyne"
"106",752,"BEL3","ETHBENZ",1993-08-01,2000-12-31,"measurement","Belfast South",54.59918,-5.912416,"",350,"hc","Automatic Hydrocarbon Monitoring Network","urban_background","Northern Ireland","Belfast Metropolitan Urban Area","niarc","bel3","ethbenz"
"107",745,"BEL3","t2PENTEN",1993-08-01,2000-12-31,"measurement","Belfast South",54.59918,-5.912416,"",341,"hc","Automatic Hydrocarbon Monitoring Network","urban_background","Northern Ireland","Belfast Metropolitan Urban Area","niarc","bel3","t2penten"
"108",738,"BEL3","nBUTANE",1993-08-01,2000-12-31,"measurement","Belfast South",54.59918,-5.912416,"",334,"hc","Automatic Hydrocarbon Monitoring Network","urban_background","Northern Ireland","Belfast Metropolitan Urban Area","niarc","bel3","nbutane"
"109",749,"BEL3","nHEPTANE",1993-08-01,2000-12-31,"measurement","Belfast South",54.59918,-5.912416,"",347,"hc","Automatic Hydrocarbon Monitoring Network","urban_background","Northern Ireland","Belfast Metropolitan Urban Area","niarc","bel3","nheptane"
"110",742,"BEL3","iPENTANE",1993-08-01,2000-12-31,"measurement","Belfast South",54.59918,-5.912416,"",338,"hc","Automatic Hydrocarbon Monitoring Network","urban_background","Northern Ireland","Belfast Metropolitan Urban Area","niarc","bel3","ipentane"
"111",735,"BEL3","PROPANE",1993-08-01,2000-12-31,"measurement","Belfast South",54.59918,-5.912416,"",331,"hc","Automatic Hydrocarbon Monitoring Network","urban_background","Northern Ireland","Belfast Metropolitan Urban Area","niarc","bel3","propane"
"112",753,"BEL3","mpXYLENE",1993-08-01,2000-12-31,"measurement","Belfast South",54.59918,-5.912416,"",351,"hc","Automatic Hydrocarbon Monitoring Network","urban_background","Northern Ireland","Belfast Metropolitan Urban Area","niarc","bel3","mpxylene"
"113",746,"BEL3","c2PENTEN",1993-08-01,2000-12-31,"measurement","Belfast South",54.59918,-5.912416,"",342,"hc","Automatic Hydrocarbon Monitoring Network","urban_background","Northern Ireland","Belfast Metropolitan Urban Area","niarc","bel3","c2penten"
"114",739,"BEL3","t2BUTENE",1993-08-01,2000-12-31,"measurement","Belfast South",54.59918,-5.912416,"",335,"hc","Automatic Hydrocarbon Monitoring Network","urban_background","Northern Ireland","Belfast Metropolitan Urban Area","niarc","bel3","t2butene"
"115",732,"BEL3","ETHANE",1993-08-01,2000-12-31,"measurement","Belfast South",54.59918,-5.912416,"",328,"hc","Automatic Hydrocarbon Monitoring Network","urban_background","Northern Ireland","Belfast Metropolitan Urban Area","niarc","bel3","ethane"
"116",750,"BEL3","BENZENE",1993-08-01,2000-12-31,"measurement","Belfast South",54.59918,-5.912416,"",348,"hc","Automatic Hydrocarbon Monitoring Network","urban_background","Northern Ireland","Belfast Metropolitan Urban Area","niarc","bel3","benzene"
"117",743,"BEL3","nPENTANE",1993-08-01,2000-12-31,"measurement","Belfast South",54.59918,-5.912416,"",339,"hc","Automatic Hydrocarbon Monitoring Network","urban_background","Northern Ireland","Belfast Metropolitan Urban Area","niarc","bel3","npentane"
"118",736,"BEL3","PROPENE",1993-08-01,2000-12-31,"measurement","Belfast South",54.59918,-5.912416,"",332,"hc","Automatic Hydrocarbon Monitoring Network","urban_background","Northern Ireland","Belfast Metropolitan Urban Area","niarc","bel3","propene"
"119",1002,"BEL1","GE10",2006-04-13,NA,"measurement","Belfast Stockman's Lane",54.572586,-5.974944,"9",6,"nire","Northern Ireland Automatic Urban Network","roadside","Northern Ireland","Belfast Metropolitan Urban Area","niarc","bel1","ge10"
"120",1094,"BEL1","T",2006-04-13,2013-04-08,"measurement","Belfast Stockman's Lane",54.572586,-5.974944,"9",21,"nire","Northern Ireland Automatic Urban Network","roadside","Northern Ireland","Belfast Metropolitan Urban Area","niarc","bel1","temp"
"121",1118,"BEL1","M_SPED",2010-08-01,NA,"measurement","Belfast Stockman's Lane",54.572586,-5.974944,"9",1373,"nire","Northern Ireland Automatic Urban Network",NA,"Northern Ireland","Belfast Metropolitan Urban Area","niarc","bel1","ws"
"122",1003,"BEL1","PM10",2006-04-13,NA,"measurement","Belfast Stockman's Lane",54.572586,-5.974944,"9",999,"nire","Northern Ireland Automatic Urban Network","roadside","Northern Ireland","Belfast Metropolitan Urban Area","niarc","bel1","pm10"
"123",1095,"BEL1","PRES",2006-04-13,2013-04-08,"measurement","Belfast Stockman's Lane",54.572586,-5.974944,"9",1027,"nire","Northern Ireland Automatic Urban Network","roadside","Northern Ireland","Belfast Metropolitan Urban Area","niarc","bel1","pres"
"124",988,"BEL1","NO",2006-04-13,NA,"measurement","Belfast Stockman's Lane",54.572586,-5.974944,"9",2,"nire","Northern Ireland Automatic Urban Network","roadside","Northern Ireland","Belfast Metropolitan Urban Area","niarc","bel1","no"
"125",1119,"BEL1","M_DIR",2010-08-01,NA,"measurement","Belfast Stockman's Lane",54.572586,-5.974944,"9",1374,"nire","Northern Ireland Automatic Urban Network",NA,"Northern Ireland","Belfast Metropolitan Urban Area","niarc","bel1","wd"
"126",1056,"BEL1","NV10",2009-03-08,2014-06-17,"measurement","Belfast Stockman's Lane",54.572586,-5.974944,"9",1003,"nire","Northern Ireland Automatic Urban Network","roadside","Northern Ireland","Belfast Metropolitan Urban Area","niarc","bel1","nv10"
"127",989,"BEL1","NO2",2006-04-13,NA,"measurement","Belfast Stockman's Lane",54.572586,-5.974944,"9",3,"nire","Northern Ireland Automatic Urban Network","roadside","Northern Ireland","Belfast Metropolitan Urban Area","niarc","bel1","no2"
"128",1117,"BEL1","M_T",2010-08-01,NA,"measurement","Belfast Stockman's Lane",54.572586,-5.974944,"9",1372,"nire","Northern Ireland Automatic Urban Network",NA,"Northern Ireland","Belfast Metropolitan Urban Area","niarc","bel1","temp"
"129",1057,"BEL1","V10",2009-03-08,2014-06-17,"measurement","Belfast Stockman's Lane",54.572586,-5.974944,"9",1004,"nire","Northern Ireland Automatic Urban Network","roadside","Northern Ireland","Belfast Metropolitan Urban Area","niarc","bel1","v10"
"130",990,"BEL1","NOXasNO2",2006-04-13,NA,"measurement","Belfast Stockman's Lane",54.572586,-5.974944,"9",9,"nire","Northern Ireland Automatic Urban Network","roadside","Northern Ireland","Belfast Metropolitan Urban Area","niarc","bel1","nox"
"131",971,"BEL8","GE10",2002-04-04,2006-03-01,"measurement","Belfast Westlink",54.59985,-5.928833,NA,6,"nire","Northern Ireland Automatic Urban Network",NA,"Northern Ireland","Belfast Metropolitan Urban Area","niarc","bel8","ge10"
"132",968,"BEL8","NO",2002-04-04,2006-03-01,"measurement","Belfast Westlink",54.59985,-5.928833,NA,2,"nire","Northern Ireland Automatic Urban Network",NA,"Northern Ireland","Belfast Metropolitan Urban Area","niarc","bel8","no"
"133",972,"BEL8","PM10",2002-04-04,2006-03-01,"measurement","Belfast Westlink",54.59985,-5.928833,NA,999,"nire","Northern Ireland Automatic Urban Network",NA,"Northern Ireland","Belfast Metropolitan Urban Area","niarc","bel8","pm10"
"134",969,"BEL8","NO2",2002-04-04,2006-03-01,"measurement","Belfast Westlink",54.59985,-5.928833,NA,3,"nire","Northern Ireland Automatic Urban Network",NA,"Northern Ireland","Belfast Metropolitan Urban Area","niarc","bel8","no2"
"135",970,"BEL8","NOXasNO2",2002-04-04,2006-03-01,"measurement","Belfast Westlink",54.59985,-5.928833,NA,9,"nire","Northern Ireland Automatic Urban Network",NA,"Northern Ireland","Belfast Metropolitan Urban Area","niarc","bel8","nox"
"136",1081,"BE2","NOXasNO2",2010-03-03,NA,"measurement","Belfast Westlink Roden Street",54.591753,-5.949517,"20",9,"nire","Northern Ireland Automatic Urban Network","roadside","Northern Ireland","Belfast Metropolitan Urban Area","niarc","be2","nox"
"137",1111,"BE2","M_T",2010-08-01,NA,"measurement","Belfast Westlink Roden Street",54.591753,-5.949517,"20",1372,"nire","Northern Ireland Automatic Urban Network",NA,"Northern Ireland","Belfast Metropolitan Urban Area","niarc","be2","temp"
"138",1078,"BE2","GE10",2010-03-03,2014-06-17,"measurement","Belfast Westlink Roden Street",54.591753,-5.949517,"20",6,"nire","Northern Ireland Automatic Urban Network","roadside","Northern Ireland","Belfast Metropolitan Urban Area","niarc","be2","ge10"
"139",1082,"BE2","NO",2010-03-03,NA,"measurement","Belfast Westlink Roden Street",54.591753,-5.949517,"20",2,"nire","Northern Ireland Automatic Urban Network","roadside","Northern Ireland","Belfast Metropolitan Urban Area","niarc","be2","no"
"140",1112,"BE2","M_SPED",2010-08-01,NA,"measurement","Belfast Westlink Roden Street",54.591753,-5.949517,"20",1373,"nire","Northern Ireland Automatic Urban Network",NA,"Northern Ireland","Belfast Metropolitan Urban Area","niarc","be2","ws"
"141",1079,"BE2","PM10",2010-03-03,2014-06-17,"measurement","Belfast Westlink Roden Street",54.591753,-5.949517,"20",999,"nire","Northern Ireland Automatic Urban Network","roadside","Northern Ireland","Belfast Metropolitan Urban Area","niarc","be2","pm10"
"142",1113,"BE2","M_DIR",2010-08-01,NA,"measurement","Belfast Westlink Roden Street",54.591753,-5.949517,"20",1374,"nire","Northern Ireland Automatic Urban Network",NA,"Northern Ireland","Belfast Metropolitan Urban Area","niarc","be2","wd"
"143",1080,"BE2","NO2",2010-03-03,NA,"measurement","Belfast Westlink Roden Street",54.591753,-5.949517,"20",3,"nire","Northern Ireland Automatic Urban Network","roadside","Northern Ireland","Belfast Metropolitan Urban Area","niarc","be2","no2"
"144",924,"CRK1","TMP",2002-07-01,2011-06-30,"measurement","Carrickfergus Rosebrook Avenue",54.720277,-5.810608,"20",24,"nire","Northern Ireland Automatic Urban Network",NA,"Northern Ireland","Belfast Metropolitan Urban Area","niarc","crk1","tmp"
"145",895,"CRK1","T",2002-07-01,2011-06-30,"measurement","Carrickfergus Rosebrook Avenue",54.720277,-5.810608,"20",21,"nire","Northern Ireland Automatic Urban Network",NA,"Northern Ireland","Belfast Metropolitan Urban Area","niarc","crk1","temp"
"146",837,"CRK1","SO2",2002-07-01,2011-08-01,"measurement","Carrickfergus Rosebrook Avenue",54.720277,-5.810608,"20",8,"nire","Northern Ireland Automatic Urban Network",NA,"Northern Ireland","Belfast Metropolitan Urban Area","niarc","crk1","so2"
"147",836,"CRK1","PM10",2002-07-01,2010-04-12,"measurement","Carrickfergus Rosebrook Avenue",54.720277,-5.810608,"20",999,"nire","Northern Ireland Automatic Urban Network",NA,"Northern Ireland","Belfast Metropolitan Urban Area","niarc","crk1","pm10"
"148",955,"CRK1","GE10",2002-07-01,2010-04-12,"measurement","Carrickfergus Rosebrook Avenue",54.720277,-5.810608,"20",6,"nire","Northern Ireland Automatic Urban Network",NA,"Northern Ireland","Belfast Metropolitan Urban Area","niarc","crk1","ge10"
"149",1007,"CAS3","GE10",2007-02-01,2012-10-18,"measurement","Castlereagh Dundonald",54.594577,-5.803313,"32",6,"nire","Northern Ireland Automatic Urban Network","roadside","Northern Ireland","Belfast Metropolitan Urban Area","niarc","cas3","ge10"
"150",1011,"CAS3","NOXasNO2",2007-02-01,NA,"measurement","Castlereagh Dundonald",54.594577,-5.803313,"32",9,"nire","Northern Ireland Automatic Urban Network","roadside","Northern Ireland","Belfast Metropolitan Urban Area","niarc","cas3","nox"
"151",1126,"CAS3","M_T",2010-08-01,NA,"measurement","Castlereagh Dundonald",54.594577,-5.803313,"32",1372,"nire","Northern Ireland Automatic Urban Network",NA,"Northern Ireland","Belfast Metropolitan Urban Area","niarc","cas3","temp"
"152",1008,"CAS3","PM10",2007-02-01,2012-10-18,"measurement","Castlereagh Dundonald",54.594577,-5.803313,"32",999,"nire","Northern Ireland Automatic Urban Network","roadside","Northern Ireland","Belfast Metropolitan Urban Area","niarc","cas3","pm10"
"153",1012,"CAS3","T",2007-02-01,2012-10-18,"measurement","Castlereagh Dundonald",54.594577,-5.803313,"32",21,"nire","Northern Ireland Automatic Urban Network","roadside","Northern Ireland","Belfast Metropolitan Urban Area","niarc","cas3","temp"
"154",1127,"CAS3","M_SPED",2010-08-01,NA,"measurement","Castlereagh Dundonald",54.594577,-5.803313,"32",1373,"nire","Northern Ireland Automatic Urban Network",NA,"Northern Ireland","Belfast Metropolitan Urban Area","niarc","cas3","ws"
"155",1009,"CAS3","NO",2007-02-01,NA,"measurement","Castlereagh Dundonald",54.594577,-5.803313,"32",2,"nire","Northern Ireland Automatic Urban Network","roadside","Northern Ireland","Belfast Metropolitan Urban Area","niarc","cas3","no"
"156",1128,"CAS3","M_DIR",2010-08-01,NA,"measurement","Castlereagh Dundonald",54.594577,-5.803313,"32",1374,"nire","Northern Ireland Automatic Urban Network",NA,"Northern Ireland","Belfast Metropolitan Urban Area","niarc","cas3","wd"
"157",1010,"CAS3","NO2",2007-02-01,NA,"measurement","Castlereagh Dundonald",54.594577,-5.803313,"32",3,"nire","Northern Ireland Automatic Urban Network","roadside","Northern Ireland","Belfast Metropolitan Urban Area","niarc","cas3","no2"
"158",824,"CAS1","SO2",2002-04-01,2006-12-14,"measurement","Castlereagh Espie Way",54.577526,-5.876727,NA,8,"nire","Northern Ireland Automatic Urban Network",NA,"Northern Ireland","Belfast Metropolitan Urban Area","niarc","cas1","so2"
"159",925,"CAS1","TMP",2002-09-01,2006-12-14,"measurement","Castlereagh Espie Way",54.577526,-5.876727,NA,24,"nire","Northern Ireland Automatic Urban Network",NA,"Northern Ireland","Belfast Metropolitan Urban Area","niarc","cas1","tmp"
"160",961,"CAS1","GE10",2002-04-01,2006-12-14,"measurement","Castlereagh Espie Way",54.577526,-5.876727,NA,6,"nire","Northern Ireland Automatic Urban Network",NA,"Northern Ireland","Belfast Metropolitan Urban Area","niarc","cas1","ge10"
"161",822,"CAS1","PM10",2002-04-01,2006-12-14,"measurement","Castlereagh Espie Way",54.577526,-5.876727,NA,999,"nire","Northern Ireland Automatic Urban Network","urban_background","Northern Ireland","Belfast Metropolitan Urban Area","niarc","cas1","pm10"
"162",896,"CAS1","T",2002-09-01,2006-12-14,"measurement","Castlereagh Espie Way",54.577526,-5.876727,NA,21,"nire","Northern Ireland Automatic Urban Network",NA,"Northern Ireland","Belfast Metropolitan Urban Area","niarc","cas1","temp"
"163",899,"CAS2","T",2002-09-01,2011-07-31,"measurement","Castlereagh Lough View Drive",54.566466,-5.901972,"42",21,"nire","Northern Ireland Automatic Urban Network",NA,"Northern Ireland","Belfast Metropolitan Urban Area","niarc","cas2","temp"
"164",828,"CAS2","PM10",2002-04-01,2011-07-31,"measurement","Castlereagh Lough View Drive",54.566466,-5.901972,"42",999,"nire","Northern Ireland Automatic Urban Network","roadside","Northern Ireland","Belfast Metropolitan Urban Area","niarc","cas2","pm10"
"165",898,"CAS2","SPED",2002-09-01,2011-07-31,"measurement","Castlereagh Lough View Drive",54.566466,-5.901972,"42",23,"nire","Northern Ireland Automatic Urban Network",NA,"Northern Ireland","Belfast Metropolitan Urban Area","niarc","cas2","ws"
"166",825,"CAS2","NO",2002-04-01,2011-07-31,"measurement","Castlereagh Lough View Drive",54.566466,-5.901972,"42",2,"nire","Northern Ireland Automatic Urban Network","roadside","Northern Ireland","Belfast Metropolitan Urban Area","niarc","cas2","no"
"167",897,"CAS2","DIR",2002-09-01,2011-07-31,"measurement","Castlereagh Lough View Drive",54.566466,-5.901972,"42",22,"nire","Northern Ireland Automatic Urban Network",NA,"Northern Ireland","Belfast Metropolitan Urban Area","niarc","cas2","wd"
"168",926,"CAS2","TMP",2002-09-01,2011-07-31,"measurement","Castlereagh Lough View Drive",54.566466,-5.901972,"42",24,"nire","Northern Ireland Automatic Urban Network",NA,"Northern Ireland","Belfast Metropolitan Urban Area","niarc","cas2","tmp"
"169",826,"CAS2","NO2",2002-04-01,2011-07-31,"measurement","Castlereagh Lough View Drive",54.566466,-5.901972,"42",3,"nire","Northern Ireland Automatic Urban Network","roadside","Northern Ireland","Belfast Metropolitan Urban Area","niarc","cas2","no2"
"170",962,"CAS2","GE10",2002-04-01,2011-07-31,"measurement","Castlereagh Lough View Drive",54.566466,-5.901972,"42",6,"nire","Northern Ireland Automatic Urban Network",NA,"Northern Ireland","Belfast Metropolitan Urban Area","niarc","cas2","ge10"
"171",827,"CAS2","NOXasNO2",2002-04-01,2011-07-31,"measurement","Castlereagh Lough View Drive",54.566466,-5.901972,"42",9,"nire","Northern Ireland Automatic Urban Network","roadside","Northern Ireland","Belfast Metropolitan Urban Area","niarc","cas2","nox"
"172",963,"COOK","GE10",2004-01-01,2011-07-31,"measurement","Cookstown",54.63927,-6.751098,NA,6,"nire","Northern Ireland Automatic Urban Network",NA,"Northern Ireland",NA,"niarc","cook","ge10"
"173",829,"COOK","PM10",2004-01-01,2011-07-31,"measurement","Cookstown",54.63927,-6.751098,NA,999,"nire","Northern Ireland Automatic Urban Network",NA,"Northern Ireland",NA,"niarc","cook","pm10"
"174",830,"COOK","SO2",2004-01-01,2011-07-31,"measurement","Cookstown",54.63927,-6.751098,NA,8,"nire","Northern Ireland Automatic Urban Network",NA,"Northern Ireland",NA,"niarc","cook","so2"
"175",1047,"CRAI","GE10",2000-01-01,2000-12-31,"measurement","Craigavon",54.469803,-6.336554,NA,6,"nire","Northern Ireland Automatic Urban Network","urban_background","Northern Ireland",NA,"niarc","crai","ge10"
"176",1048,"CRAI","PM10",2000-01-01,2000-12-31,"measurement","Craigavon",54.469803,-6.336554,NA,999,"nire","Northern Ireland Automatic Urban Network",NA,"Northern Ireland",NA,"niarc","crai","pm10"
"177",834,"CRA2","NO2",2002-04-01,2006-10-31,"measurement","Craigavon Castle Lane",54.462567,-6.332178,NA,3,"nire","Northern Ireland Automatic Urban Network",NA,"Northern Ireland",NA,"niarc","cra2","no2"
"178",833,"CRA2","NO",2002-04-01,2006-10-31,"measurement","Craigavon Castle Lane",54.462567,-6.332178,NA,2,"nire","Northern Ireland Automatic Urban Network",NA,"Northern Ireland",NA,"niarc","cra2","no"
"179",835,"CRA2","NOXasNO2",2002-04-01,2006-10-31,"measurement","Craigavon Castle Lane",54.462567,-6.332178,NA,9,"nire","Northern Ireland Automatic Urban Network",NA,"Northern Ireland",NA,"niarc","cra2","nox"
"180",831,"CRA1","PM10",2002-04-01,2006-10-31,"measurement","Craigavon Lord Lurgan Park",54.44449,-6.394042,NA,999,"nire","Northern Ireland Automatic Urban Network",NA,"Northern Ireland",NA,"niarc","cra1","pm10"
"181",964,"CRA1","GE10",2002-04-01,2006-10-31,"measurement","Craigavon Lord Lurgan Park",54.44449,-6.394042,NA,6,"nire","Northern Ireland Automatic Urban Network",NA,"Northern Ireland",NA,"niarc","cra1","ge10"
"182",832,"CRA1","SO2",2002-04-01,2006-10-31,"measurement","Craigavon Lord Lurgan Park",54.44449,-6.394042,NA,8,"nire","Northern Ireland Automatic Urban Network",NA,"Northern Ireland",NA,"niarc","cra1","so2"
"183",1000,"DER7","GE10",2006-07-13,2007-02-06,"measurement","Derry Ballyartan Road",54.9923,-7.325134,NA,6,"nire","Northern Ireland Automatic Urban Network","urban_industrial","Northern Ireland",NA,"niarc","der7","ge10"
"184",1001,"DER7","PM10",2006-07-13,2007-02-06,"measurement","Derry Ballyartan Road",54.9923,-7.325134,NA,999,"nire","Northern Ireland Automatic Urban Network","urban_industrial","Northern Ireland",NA,"niarc","der7","pm10"
"185",838,"DER3","SO2",2002-04-01,2011-02-28,"measurement","Derry Brandywell",54.992336,-7.332127,NA,8,"nire","Northern Ireland Automatic Urban Network",NA,"Northern Ireland",NA,"niarc","der3","so2"
"186",954,"DER3","GE10",2002-04-01,2011-02-28,"measurement","Derry Brandywell",54.992336,-7.332127,NA,6,"nire","Northern Ireland Automatic Urban Network",NA,"Northern Ireland",NA,"niarc","der3","ge10"
"187",1083,"DER3","T",2010-04-01,2011-02-28,"measurement","Derry Brandywell",54.992336,-7.332127,NA,21,"nire","Northern Ireland Automatic Urban Network",NA,"Northern Ireland",NA,"niarc","der3","temp"
"188",839,"DER3","PM10",2002-04-01,2011-02-28,"measurement","Derry Brandywell",54.992336,-7.332127,NA,999,"nire","Northern Ireland Automatic Urban Network",NA,"Northern Ireland",NA,"niarc","der3","pm10"
"189",1036,"DERY","NV25",2008-02-21,2016-02-29,"measurement","Derry Brooke Park",55.001225,-7.329115,"30",1005,"nire","Northern Ireland Automatic Urban Network","urban_background","Northern Ireland",NA,"niarc","dery","nv25"
"190",765,"DERY","PM10",1997-04-29,2008-02-21,"measurement","Derry Brooke Park",55.001225,-7.329115,"30",999,"nire","Northern Ireland Automatic Urban Network","urban_background","Northern Ireland",NA,"niarc","dery","pm10"
"191",758,"DERY","CO",1997-04-29,2007-09-30,"measurement","Derry Brooke Park",55.001225,-7.329115,"30",1,"nire","Northern Ireland Automatic Urban Network","urban_background","Northern Ireland",NA,"niarc","dery","co"
"192",1136,"DERY","M_SPED",2010-08-01,2016-02-29,"measurement","Derry Brooke Park",55.001225,-7.329115,"30",1373,"nire","Northern Ireland Automatic Urban Network",NA,"Northern Ireland",NA,"niarc","dery","ws"
"193",762,"DERY","GE10",1997-04-29,2016-02-29,"measurement","Derry Brooke Park",55.001225,-7.329115,"30",6,"nire","Northern Ireland Automatic Urban Network","urban_background","Northern Ireland",NA,"niarc","dery","ge10"
"194",1037,"DERY","V25",2008-02-21,2016-02-29,"measurement","Derry Brooke Park",55.001225,-7.329115,"30",1006,"nire","Northern Ireland Automatic Urban Network","urban_background","Northern Ireland",NA,"niarc","dery","v25"
"195",759,"DERY","NO",1997-04-29,2016-02-29,"measurement","Derry Brooke Park",55.001225,-7.329115,"30",2,"nire","Northern Ireland Automatic Urban Network","urban_background","Northern Ireland",NA,"niarc","dery","no"
"196",1137,"DERY","M_DIR",2010-08-01,2016-02-29,"measurement","Derry Brooke Park",55.001225,-7.329115,"30",1374,"nire","Northern Ireland Automatic Urban Network",NA,"Northern Ireland",NA,"niarc","dery","wd"
"197",1034,"DERY","NV10",2008-02-21,2016-02-29,"measurement","Derry Brooke Park",55.001225,-7.329115,"30",1003,"nire","Northern Ireland Automatic Urban Network","urban_background","Northern Ireland",NA,"niarc","dery","nv10"
"198",763,"DERY","SO2",1997-04-29,2016-02-29,"measurement","Derry Brooke Park",55.001225,-7.329115,"30",8,"nire","Northern Ireland Automatic Urban Network","urban_background","Northern Ireland",NA,"niarc","dery","so2"
"199",1038,"DERY","PM25",2008-02-20,2016-02-29,"measurement","Derry Brooke Park",55.001225,-7.329115,"30",7,"nire","Northern Ireland Automatic Urban Network","urban_background","Northern Ireland",NA,"niarc","dery","pm25"
"200",760,"DERY","NO2",1997-04-29,2016-02-29,"measurement","Derry Brooke Park",55.001225,-7.329115,"30",3,"nire","Northern Ireland Automatic Urban Network","urban_background","Northern Ireland",NA,"niarc","dery","no2"
"201",1035,"DERY","V10",2008-02-21,2016-02-29,"measurement","Derry Brooke Park",55.001225,-7.329115,"30",1004,"nire","Northern Ireland Automatic Urban Network","urban_background","Northern Ireland",NA,"niarc","dery","v10"
"202",764,"DERY","NOXasNO2",1997-04-29,2016-02-29,"measurement","Derry Brooke Park",55.001225,-7.329115,"30",9,"nire","Northern Ireland Automatic Urban Network","urban_background","Northern Ireland",NA,"niarc","dery","nox"
"203",1135,"DERY","M_T",2010-08-01,2016-02-29,"measurement","Derry Brooke Park",55.001225,-7.329115,"30",1372,"nire","Northern Ireland Automatic Urban Network",NA,"Northern Ireland",NA,"niarc","dery","temp"
"204",761,"DERY","O3",1997-04-29,2016-02-29,"measurement","Derry Brooke Park",55.001225,-7.329115,"30",5,"nire","Northern Ireland Automatic Urban Network","urban_background","Northern Ireland",NA,"niarc","dery","o3"
"205",953,"DER5","GE10",2005-11-07,2006-05-23,"measurement","Derry Claudy",55.001225,-7.329115,NA,6,"nire","Northern Ireland Automatic Urban Network",NA,"Northern Ireland",NA,"niarc","der5","ge10"
"206",843,"DER5","PM10",2005-11-07,2006-05-23,"measurement","Derry Claudy",55.001225,-7.329115,NA,999,"nire","Northern Ireland Automatic Urban Network",NA,"Northern Ireland",NA,"niarc","der5","pm10"
"207",1040,"DER8","PM10",2007-12-12,2008-12-15,"measurement","Derry Culmore Point Road",55.001225,-7.329315,NA,999,"nire","Northern Ireland Automatic Urban Network","roadside","Northern Ireland",NA,"niarc","der8","pm10"
"208",1039,"DER8","GE10",2007-12-12,2008-12-15,"measurement","Derry Culmore Point Road",55.001225,-7.329315,NA,6,"nire","Northern Ireland Automatic Urban Network","roadside","Northern Ireland",NA,"niarc","der8","ge10"
"209",841,"DER4","NO2",2003-11-07,NA,"measurement","Derry Dale's Corner",54.99642,-7.310163,NA,3,"nire","Northern Ireland Automatic Urban Network",NA,"Northern Ireland",NA,"niarc","der4","no2"
"210",1129,"DER4","M_T",2010-08-01,NA,"measurement","Derry Dale's Corner",54.99642,-7.310163,NA,1372,"nire","Northern Ireland Automatic Urban Network",NA,"Northern Ireland",NA,"niarc","der4","temp"
"211",840,"DER4","NO",2003-11-07,NA,"measurement","Derry Dale's Corner",54.99642,-7.310163,NA,2,"nire","Northern Ireland Automatic Urban Network",NA,"Northern Ireland",NA,"niarc","der4","no"
"212",1130,"DER4","M_SPED",2010-08-01,NA,"measurement","Derry Dale's Corner",54.99642,-7.310163,NA,1373,"nire","Northern Ireland Automatic Urban Network",NA,"Northern Ireland",NA,"niarc","der4","ws"
"213",1131,"DER4","M_DIR",2010-08-01,NA,"measurement","Derry Dale's Corner",54.99642,-7.310163,NA,1374,"nire","Northern Ireland Automatic Urban Network",NA,"Northern Ireland",NA,"niarc","der4","wd"
"214",842,"DER4","NOXasNO2",2003-11-07,NA,"measurement","Derry Dale's Corner",54.99642,-7.310163,NA,9,"nire","Northern Ireland Automatic Urban Network",NA,"Northern Ireland",NA,"niarc","der4","nox"
"215",1132,"DER9","M_T",2011-11-08,2015-05-31,"measurement","Derry Marlborough Street",54.999994,-7.330226,"30",1372,"nire","Northern Ireland Automatic Urban Network",NA,"Northern Ireland",NA,"niarc","der9","temp"
"216",1098,"DER9","NOXasNO2",2011-11-08,2015-05-31,"measurement","Derry Marlborough Street",54.999994,-7.330226,"30",9,"nire","Northern Ireland Automatic Urban Network","roadside","Northern Ireland",NA,"niarc","der9","nox"
"217",1133,"DER9","M_SPED",2011-11-08,2015-05-31,"measurement","Derry Marlborough Street",54.999994,-7.330226,"30",1373,"nire","Northern Ireland Automatic Urban Network",NA,"Northern Ireland",NA,"niarc","der9","ws"
"218",1134,"DER9","M_DIR",2011-11-08,2015-05-31,"measurement","Derry Marlborough Street",54.999994,-7.330226,"30",1374,"nire","Northern Ireland Automatic Urban Network",NA,"Northern Ireland",NA,"niarc","der9","wd"
"219",1096,"DER9","NO",2011-11-08,2015-05-31,"measurement","Derry Marlborough Street",54.999994,-7.330226,"30",2,"nire","Northern Ireland Automatic Urban Network","roadside","Northern Ireland",NA,"niarc","der9","no"
"220",1097,"DER9","NO2",2011-11-08,2015-05-31,"measurement","Derry Marlborough Street",54.999994,-7.330226,"30",3,"nire","Northern Ireland Automatic Urban Network","roadside","Northern Ireland",NA,"niarc","der9","no2"
"221",1190,"DERR","V10",2016-03-21,NA,"measurement","Derry Rosemount",55.002851,-7.331128,"54",1004,"nire","Northern Ireland Automatic Urban Network","urban_background","Northern Ireland",NA,"niarc","derr","v10"
"222",1197,"DERR","M_SPED",2016-03-21,NA,"measurement","Derry Rosemount",55.002851,-7.331128,"54",1373,"nire","Northern Ireland Automatic Urban Network",NA,"Northern Ireland",NA,"niarc","derr","ws"
"223",1186,"DERR","PM25",2016-03-21,NA,"measurement","Derry Rosemount",55.002851,-7.331128,"54",7,"nire","Northern Ireland Automatic Urban Network","urban_background","Northern Ireland",NA,"niarc","derr","pm25"
"224",1183,"DERR","NO2",2016-03-21,NA,"measurement","Derry Rosemount",55.002851,-7.331128,"54",3,"nire","Northern Ireland Automatic Urban Network","urban_background","Northern Ireland",NA,"niarc","derr","no2"
"225",1189,"DERR","NV10",2016-03-21,NA,"measurement","Derry Rosemount",55.002851,-7.331128,"54",1003,"nire","Northern Ireland Automatic Urban Network","urban_background","Northern Ireland",NA,"niarc","derr","nv10"
"226",1196,"DERR","M_T",2016-03-21,NA,"measurement","Derry Rosemount",55.002851,-7.331128,"54",1372,"nire","Northern Ireland Automatic Urban Network",NA,"Northern Ireland",NA,"niarc","derr","temp"
"227",1185,"DERR","GE10",2016-03-21,NA,"measurement","Derry Rosemount",55.002851,-7.331128,"54",6,"nire","Northern Ireland Automatic Urban Network","urban_background","Northern Ireland",NA,"niarc","derr","ge10"
"228",1192,"DERR","V25",2016-03-21,NA,"measurement","Derry Rosemount",55.002851,-7.331128,"54",1006,"nire","Northern Ireland Automatic Urban Network","urban_background","Northern Ireland",NA,"niarc","derr","v25"
"229",1182,"DERR","NO",2016-03-21,NA,"measurement","Derry Rosemount",55.002851,-7.331128,"54",2,"nire","Northern Ireland Automatic Urban Network","urban_background","Northern Ireland",NA,"niarc","derr","no"
"230",1188,"DERR","NOXasNO2",2016-03-21,NA,"measurement","Derry Rosemount",55.002851,-7.331128,"54",9,"nire","Northern Ireland Automatic Urban Network","urban_background","Northern Ireland",NA,"niarc","derr","nox"
"231",1184,"DERR","O3",2016-03-21,NA,"measurement","Derry Rosemount",55.002851,-7.331128,"54",5,"nire","Northern Ireland Automatic Urban Network","urban_background","Northern Ireland",NA,"niarc","derr","o3"
"232",1191,"DERR","NV25",2016-03-21,NA,"measurement","Derry Rosemount",55.002851,-7.331128,"54",1005,"nire","Northern Ireland Automatic Urban Network","urban_background","Northern Ireland",NA,"niarc","derr","nv25"
"233",1198,"DERR","M_DIR",2016-03-21,NA,"measurement","Derry Rosemount",55.002851,-7.331128,"54",1374,"nire","Northern Ireland Automatic Urban Network",NA,"Northern Ireland",NA,"niarc","derr","wd"
"234",1187,"DERR","SO2",2016-03-21,NA,"measurement","Derry Rosemount",55.002851,-7.331128,"54",8,"nire","Northern Ireland Automatic Urban Network","urban_background","Northern Ireland",NA,"niarc","derr","so2"
"235",1181,"DERR","CO",2016-03-21,NA,"measurement","Derry Rosemount",55.002851,-7.331128,"54",1,"nire","Northern Ireland Automatic Urban Network","urban_background","Northern Ireland",NA,"niarc","derr","co"
"236",1139,"DPK1","M_SPED",2010-08-01,NA,"measurement","Downpatrick Roadside",54.328443,-5.715743,NA,1373,"nire","Northern Ireland Automatic Urban Network",NA,"Northern Ireland",NA,"niarc","dpk1","ws"
"237",1090,"DPK1","NOXasNO2",2010-07-01,NA,"measurement","Downpatrick Roadside",54.328443,-5.715743,NA,9,"nire","Northern Ireland Automatic Urban Network","roadside","Northern Ireland",NA,"niarc","dpk1","nox"
"238",1088,"DPK1","NO",2010-07-01,NA,"measurement","Downpatrick Roadside",54.328443,-5.715743,NA,2,"nire","Northern Ireland Automatic Urban Network","roadside","Northern Ireland",NA,"niarc","dpk1","no"
"239",1140,"DPK1","M_DIR",2010-08-01,NA,"measurement","Downpatrick Roadside",54.328443,-5.715743,NA,1374,"nire","Northern Ireland Automatic Urban Network",NA,"Northern Ireland",NA,"niarc","dpk1","wd"
"240",1138,"DPK1","M_T",2010-08-01,NA,"measurement","Downpatrick Roadside",54.328443,-5.715743,NA,1372,"nire","Northern Ireland Automatic Urban Network",NA,"Northern Ireland",NA,"niarc","dpk1","temp"
"241",1089,"DPK1","NO2",2010-07-01,NA,"measurement","Downpatrick Roadside",54.328443,-5.715743,NA,3,"nire","Northern Ireland Automatic Urban Network","roadside","Northern Ireland",NA,"niarc","dpk1","no2"
"242",940,"DUN","GE10",1998-01-01,1998-12-31,"measurement","Dungannon",54.513719,-6.761873,NA,6,"nire","Northern Ireland Automatic Urban Network",NA,"Northern Ireland",NA,"niarc","dun","ge10"
"243",882,"DUN","PM10",1998-01-01,1998-12-31,"measurement","Dungannon",54.513719,-6.761873,NA,999,"nire","Northern Ireland Automatic Urban Network",NA,"Northern Ireland",NA,"niarc","dun","pm10"
"244",845,"DUNG","SO2",2005-01-01,2009-01-20,"measurement","Dungannon Lambfields",54.513732,-6.761833,NA,8,"nire","Northern Ireland Automatic Urban Network",NA,"Northern Ireland",NA,"niarc","dung","so2"
"245",844,"DUNG","PM10",2005-01-01,2009-01-20,"measurement","Dungannon Lambfields",54.513732,-6.761833,NA,999,"nire","Northern Ireland Automatic Urban Network",NA,"Northern Ireland",NA,"niarc","dung","pm10"
"246",952,"DUNG","GE10",2005-01-01,2009-01-20,"measurement","Dungannon Lambfields",54.513732,-6.761833,NA,6,"nire","Northern Ireland Automatic Urban Network",NA,"Northern Ireland",NA,"niarc","dung","ge10"
"247",939,"KILR","GE10",2001-06-01,2002-07-15,"measurement","Kilroot",NA,NA,NA,6,"nire","Northern Ireland Automatic Urban Network",NA,NA,NA,"niarc","kilr","ge10"
"248",883,"KILR","PM10",2001-06-01,2002-07-15,"measurement","Kilroot",NA,NA,NA,999,"nire","Northern Ireland Automatic Urban Network",NA,NA,NA,"niarc","kilr","pm10"
"249",974,"LAR2","PM10",2006-01-26,2010-04-12,"measurement","Larne Craigyhill",54.857438,-5.838513,"92",999,"nire","Northern Ireland Automatic Urban Network",NA,"Northern Ireland",NA,"niarc","lar2","pm10"
"250",975,"LAR2","GE10",2006-01-26,2010-04-12,"measurement","Larne Craigyhill",54.857438,-5.838513,"92",6,"nire","Northern Ireland Automatic Urban Network",NA,"Northern Ireland",NA,"niarc","lar2","ge10"
"251",922,"LAR2","SPED",2006-01-26,2010-04-30,"measurement","Larne Craigyhill",54.857438,-5.838513,"92",23,"nire","Northern Ireland Automatic Urban Network",NA,"Northern Ireland",NA,"niarc","lar2","ws"
"252",923,"LAR2","T",2006-01-26,2010-04-30,"measurement","Larne Craigyhill",54.857438,-5.838513,"92",21,"nire","Northern Ireland Automatic Urban Network",NA,"Northern Ireland",NA,"niarc","lar2","temp"
"253",973,"LAR2","SO2",2006-01-26,2010-04-30,"measurement","Larne Craigyhill",54.857438,-5.838513,"92",8,"nire","Northern Ireland Automatic Urban Network",NA,"Northern Ireland",NA,"niarc","lar2","so2"
"254",921,"LAR2","DIR",2006-01-26,2010-04-30,"measurement","Larne Craigyhill",54.857438,-5.838513,"92",22,"nire","Northern Ireland Automatic Urban Network",NA,"Northern Ireland",NA,"niarc","lar2","wd"
"255",906,"LARN","T",2003-03-01,2005-12-03,"measurement","Larne Harbour",54.84132,-5.801354,NA,21,"nire","Northern Ireland Automatic Urban Network",NA,"Northern Ireland",NA,"niarc","larn","temp"
"256",905,"LARN","SPED",2003-03-01,2005-12-03,"measurement","Larne Harbour",54.84132,-5.801354,NA,23,"nire","Northern Ireland Automatic Urban Network",NA,"Northern Ireland",NA,"niarc","larn","ws"
"257",890,"LARN","GE10",2003-03-01,2005-12-03,"measurement","Larne Harbour",54.84132,-5.801354,NA,6,"nire","Northern Ireland Automatic Urban Network",NA,"Northern Ireland",NA,"niarc","larn","ge10"
"258",904,"LARN","DIR",2003-03-01,2005-12-03,"measurement","Larne Harbour",54.84132,-5.801354,NA,22,"nire","Northern Ireland Automatic Urban Network",NA,"Northern Ireland",NA,"niarc","larn","wd"
"259",934,"LARN","PM10",2003-03-01,2005-12-03,"measurement","Larne Harbour",54.84132,-5.801354,NA,999,"nire","Northern Ireland Automatic Urban Network",NA,"Northern Ireland",NA,"niarc","larn","pm10"
"260",889,"LARN","SO2",2003-03-01,2005-12-03,"measurement","Larne Harbour",54.84132,-5.801354,NA,8,"nire","Northern Ireland Automatic Urban Network",NA,"Northern Ireland",NA,"niarc","larn","so2"
"261",884,"LVDY","PM10",2003-03-01,2005-12-03,"measurement","Limavady Coolessan",55.038196,-6.941465,NA,999,"nire","Northern Ireland Automatic Urban Network",NA,"Northern Ireland",NA,"niarc","lvdy","pm10"
"262",938,"LVDY","GE10",2003-03-01,2005-12-03,"measurement","Limavady Coolessan",55.038196,-6.941465,NA,6,"nire","Northern Ireland Automatic Urban Network",NA,"Northern Ireland",NA,"niarc","lvdy","ge10"
"263",1150,"LVD2","M_T",2010-08-05,NA,"measurement","Limavady Dungiven",54.9284,-6.926879,NA,1372,"nire","Northern Ireland Automatic Urban Network",NA,"Northern Ireland",NA,"niarc","lvd2","temp"
"264",1151,"LVD2","M_SPED",2010-08-05,NA,"measurement","Limavady Dungiven",54.9284,-6.926879,NA,1373,"nire","Northern Ireland Automatic Urban Network",NA,"Northern Ireland",NA,"niarc","lvd2","ws"
"265",1091,"LVD2","NO",2010-08-05,NA,"measurement","Limavady Dungiven",54.9284,-6.926879,NA,2,"nire","Northern Ireland Automatic Urban Network",NA,"Northern Ireland",NA,"niarc","lvd2","no"
"266",1152,"LVD2","M_DIR",2010-08-05,NA,"measurement","Limavady Dungiven",54.9284,-6.926879,NA,1374,"nire","Northern Ireland Automatic Urban Network",NA,"Northern Ireland",NA,"niarc","lvd2","wd"
"267",1093,"LVD2","NOXasNO2",2010-08-05,NA,"measurement","Limavady Dungiven",54.9284,-6.926879,NA,9,"nire","Northern Ireland Automatic Urban Network",NA,"Northern Ireland",NA,"niarc","lvd2","nox"
"268",1092,"LVD2","NO2",2010-08-05,NA,"measurement","Limavady Dungiven",54.9284,-6.926879,NA,3,"nire","Northern Ireland Automatic Urban Network",NA,"Northern Ireland",NA,"niarc","lvd2","no2"
"269",1028,"LIS3","NV10",2007-12-19,2012-06-27,"measurement","Lisburn Dunmurry High School",54.537934,-6.014019,NA,1003,"nire","Northern Ireland Automatic Urban Network",NA,"Northern Ireland","Belfast Metropolitan Urban Area","niarc","lis3","nv10"
"270",1033,"LIS3","V25",2008-02-07,2011-08-31,"measurement","Lisburn Dunmurry High School",54.537934,-6.014019,NA,1006,"nire","Northern Ireland Automatic Urban Network",NA,"Northern Ireland","Belfast Metropolitan Urban Area","niarc","lis3","v25"
"271",1029,"LIS3","V10",2007-12-19,2012-06-27,"measurement","Lisburn Dunmurry High School",54.537934,-6.014019,NA,1004,"nire","Northern Ireland Automatic Urban Network",NA,"Northern Ireland","Belfast Metropolitan Urban Area","niarc","lis3","v10"
"272",950,"LIS3","GE10",2003-10-31,2012-06-27,"measurement","Lisburn Dunmurry High School",54.537934,-6.014019,NA,6,"nire","Northern Ireland Automatic Urban Network",NA,"Northern Ireland","Belfast Metropolitan Urban Area","niarc","lis3","ge10"
"273",853,"LIS3","PM10",2003-10-31,2007-12-18,"measurement","Lisburn Dunmurry High School",54.537934,-6.014019,NA,999,"nire","Northern Ireland Automatic Urban Network",NA,"Northern Ireland","Belfast Metropolitan Urban Area","niarc","lis3","pm10"
"274",1019,"LIS3","DIR",2001-01-01,2012-06-27,"measurement","Lisburn Dunmurry High School",54.537934,-6.014019,NA,22,"nire","Northern Ireland Automatic Urban Network",NA,"Northern Ireland","Belfast Metropolitan Urban Area","niarc","lis3","wd"
"275",1004,"LIS3","SO2",2006-09-01,2012-06-27,"measurement","Lisburn Dunmurry High School",54.537934,-6.014019,NA,8,"nire","Northern Ireland Automatic Urban Network",NA,"Northern Ireland","Belfast Metropolitan Urban Area","niarc","lis3","so2"
"276",1027,"LIS3","PM25",2007-12-01,2012-06-27,"measurement","Lisburn Dunmurry High School",54.537934,-6.014019,NA,7,"nire","Northern Ireland Automatic Urban Network",NA,"Northern Ireland","Belfast Metropolitan Urban Area","niarc","lis3","pm25"
"277",1020,"LIS3","SPED",2001-01-01,2012-06-27,"measurement","Lisburn Dunmurry High School",54.537934,-6.014019,NA,23,"nire","Northern Ireland Automatic Urban Network",NA,"Northern Ireland","Belfast Metropolitan Urban Area","niarc","lis3","ws"
"278",1032,"LIS3","NV25",2008-02-07,2011-08-31,"measurement","Lisburn Dunmurry High School",54.537934,-6.014019,NA,1005,"nire","Northern Ireland Automatic Urban Network",NA,"Northern Ireland","Belfast Metropolitan Urban Area","niarc","lis3","nv25"
"279",1107,"LIS5","V25",2012-07-06,2015-06-16,"measurement","Lisburn Dunmurry Seymour Hill",54.543516,-6.008608,NA,1006,"nire","Northern Ireland Automatic Urban Network",NA,"Northern Ireland","Belfast Metropolitan Urban Area","niarc","lis5","v25"
"280",1100,"LIS5","PM25",2012-07-06,2015-06-16,"measurement","Lisburn Dunmurry Seymour Hill",54.543516,-6.008608,NA,7,"nire","Northern Ireland Automatic Urban Network",NA,"Northern Ireland","Belfast Metropolitan Urban Area","niarc","lis5","pm25"
"281",1104,"LIS5","NV10",2012-07-06,2014-09-01,"measurement","Lisburn Dunmurry Seymour Hill",54.543516,-6.008608,NA,1003,"nire","Northern Ireland Automatic Urban Network",NA,"Northern Ireland","Belfast Metropolitan Urban Area","niarc","lis5","nv10"
"282",1180,"LIS5","T",2012-07-06,NA,"measurement","Lisburn Dunmurry Seymour Hill",54.543516,-6.008608,NA,21,"nire","Northern Ireland Automatic Urban Network",NA,"Northern Ireland","Belfast Metropolitan Urban Area","niarc","lis5","temp"
"283",1101,"LIS5","SO2",2012-07-06,NA,"measurement","Lisburn Dunmurry Seymour Hill",54.543516,-6.008608,NA,8,"nire","Northern Ireland Automatic Urban Network",NA,"Northern Ireland","Belfast Metropolitan Urban Area","niarc","lis5","so2"
"284",1144,"LIS5","M_T",2012-07-06,NA,"measurement","Lisburn Dunmurry Seymour Hill",54.543516,-6.008608,NA,1372,"nire","Northern Ireland Automatic Urban Network",NA,"Northern Ireland","Belfast Metropolitan Urban Area","niarc","lis5","temp"
"285",1105,"LIS5","V10",2012-07-06,2014-09-01,"measurement","Lisburn Dunmurry Seymour Hill",54.543516,-6.008608,NA,1004,"nire","Northern Ireland Automatic Urban Network",NA,"Northern Ireland","Belfast Metropolitan Urban Area","niarc","lis5","v10"
"286",1179,"LIS5","PRES",2012-07-06,NA,"measurement","Lisburn Dunmurry Seymour Hill",54.543516,-6.008608,NA,1027,"nire","Northern Ireland Automatic Urban Network",NA,"Northern Ireland","Belfast Metropolitan Urban Area","niarc","lis5","pres"
"287",1102,"LIS5","DIR",2012-07-06,NA,"measurement","Lisburn Dunmurry Seymour Hill",54.543516,-6.008608,NA,22,"nire","Northern Ireland Automatic Urban Network",NA,"Northern Ireland","Belfast Metropolitan Urban Area","niarc","lis5","wd"
"288",1178,"LIS5","PM10",2014-09-01,NA,"measurement","Lisburn Dunmurry Seymour Hill",54.543516,-6.008608,NA,999,"nire","Northern Ireland Automatic Urban Network",NA,"Northern Ireland","Belfast Metropolitan Urban Area","niarc","lis5","pm10"
"289",1145,"LIS5","M_SPED",2012-07-06,NA,"measurement","Lisburn Dunmurry Seymour Hill",54.543516,-6.008608,NA,1373,"nire","Northern Ireland Automatic Urban Network",NA,"Northern Ireland","Belfast Metropolitan Urban Area","niarc","lis5","ws"
"290",1106,"LIS5","NV25",2012-07-06,2015-06-16,"measurement","Lisburn Dunmurry Seymour Hill",54.543516,-6.008608,NA,1005,"nire","Northern Ireland Automatic Urban Network",NA,"Northern Ireland","Belfast Metropolitan Urban Area","niarc","lis5","nv25"
"291",1099,"LIS5","GE10",2012-07-06,NA,"measurement","Lisburn Dunmurry Seymour Hill",54.543516,-6.008608,NA,6,"nire","Northern Ireland Automatic Urban Network",NA,"Northern Ireland","Belfast Metropolitan Urban Area","niarc","lis5","ge10"
"292",1103,"LIS5","SPED",2012-07-06,NA,"measurement","Lisburn Dunmurry Seymour Hill",54.543516,-6.008608,NA,23,"nire","Northern Ireland Automatic Urban Network",NA,"Northern Ireland","Belfast Metropolitan Urban Area","niarc","lis5","ws"
"293",1146,"LIS5","M_DIR",2012-07-06,NA,"measurement","Lisburn Dunmurry Seymour Hill",54.543516,-6.008608,NA,1374,"nire","Northern Ireland Automatic Urban Network",NA,"Northern Ireland","Belfast Metropolitan Urban Area","niarc","lis5","wd"
"294",909,"LIS1","T",2003-03-01,2011-04-30,"measurement","Lisburn Island Civic Centre",54.511894,-6.035822,"30",21,"nire","Northern Ireland Automatic Urban Network",NA,"Northern Ireland","Belfast Metropolitan Urban Area","niarc","lis1","temp"
"295",908,"LIS1","SPED",2003-03-01,2006-09-28,"measurement","Lisburn Island Civic Centre",54.511894,-6.035822,"30",23,"nire","Northern Ireland Automatic Urban Network",NA,"Northern Ireland","Belfast Metropolitan Urban Area","niarc","lis1","ws"
"296",848,"LIS1","PM10",2003-03-01,2011-04-30,"measurement","Lisburn Island Civic Centre",54.511894,-6.035822,"30",999,"nire","Northern Ireland Automatic Urban Network",NA,"Northern Ireland","Belfast Metropolitan Urban Area","niarc","lis1","pm10"
"297",951,"LIS1","GE10",2003-03-01,2011-04-30,"measurement","Lisburn Island Civic Centre",54.511894,-6.035822,"30",6,"nire","Northern Ireland Automatic Urban Network",NA,"Northern Ireland","Belfast Metropolitan Urban Area","niarc","lis1","ge10"
"298",907,"LIS1","DIR",2003-03-01,2006-09-28,"measurement","Lisburn Island Civic Centre",54.511894,-6.035822,"30",22,"nire","Northern Ireland Automatic Urban Network",NA,"Northern Ireland","Belfast Metropolitan Urban Area","niarc","lis1","wd"
"299",849,"LIS1","SO2",2003-03-01,2006-09-29,"measurement","Lisburn Island Civic Centre",54.511894,-6.035822,"30",8,"nire","Northern Ireland Automatic Urban Network",NA,"Northern Ireland","Belfast Metropolitan Urban Area","niarc","lis1","so2"
"300",927,"LIS1","TMP",2003-03-01,2011-04-30,"measurement","Lisburn Island Civic Centre",54.511894,-6.035822,"30",24,"nire","Northern Ireland Automatic Urban Network",NA,"Northern Ireland","Belfast Metropolitan Urban Area","niarc","lis1","tmp"
"301",982,"LIS2","PM10",2003-03-01,2010-04-08,"measurement","Lisburn Lagan Valley Hospital",54.505907,-6.047348,NA,999,"nire","Northern Ireland Automatic Urban Network",NA,"Northern Ireland","Belfast Metropolitan Urban Area","niarc","lis2","pm10"
"302",1143,"LIS2","M_DIR",2010-08-01,2013-07-24,"measurement","Lisburn Lagan Valley Hospital",54.505907,-6.047348,NA,1374,"nire","Northern Ireland Automatic Urban Network",NA,"Northern Ireland","Belfast Metropolitan Urban Area","niarc","lis2","wd"
"303",928,"LIS2","TMP",2003-03-01,2013-07-24,"measurement","Lisburn Lagan Valley Hospital",54.505907,-6.047348,NA,24,"nire","Northern Ireland Automatic Urban Network",NA,"Northern Ireland","Belfast Metropolitan Urban Area","niarc","lis2","tmp"
"304",850,"LIS2","NO",2003-03-01,2013-07-24,"measurement","Lisburn Lagan Valley Hospital",54.505907,-6.047348,NA,2,"nire","Northern Ireland Automatic Urban Network",NA,"Northern Ireland","Belfast Metropolitan Urban Area","niarc","lis2","no"
"305",1018,"LIS2","SPED",2007-09-01,2013-07-24,"measurement","Lisburn Lagan Valley Hospital",54.505907,-6.047348,NA,23,"nire","Northern Ireland Automatic Urban Network",NA,"Northern Ireland","Belfast Metropolitan Urban Area","niarc","lis2","ws"
"306",1141,"LIS2","M_T",2010-08-01,2013-07-24,"measurement","Lisburn Lagan Valley Hospital",54.505907,-6.047348,NA,1372,"nire","Northern Ireland Automatic Urban Network",NA,"Northern Ireland","Belfast Metropolitan Urban Area","niarc","lis2","temp"
"307",852,"LIS2","NOXasNO2",2003-03-01,2013-07-24,"measurement","Lisburn Lagan Valley Hospital",54.505907,-6.047348,NA,9,"nire","Northern Ireland Automatic Urban Network",NA,"Northern Ireland","Belfast Metropolitan Urban Area","niarc","lis2","nox"
"308",1142,"LIS2","M_SPED",2010-08-01,2013-07-24,"measurement","Lisburn Lagan Valley Hospital",54.505907,-6.047348,NA,1373,"nire","Northern Ireland Automatic Urban Network",NA,"Northern Ireland","Belfast Metropolitan Urban Area","niarc","lis2","ws"
"309",981,"LIS2","GE10",2003-03-01,2010-04-08,"measurement","Lisburn Lagan Valley Hospital",54.505907,-6.047348,NA,6,"nire","Northern Ireland Automatic Urban Network",NA,"Northern Ireland","Belfast Metropolitan Urban Area","niarc","lis2","ge10"
"310",910,"LIS2","T",2003-03-01,2010-04-08,"measurement","Lisburn Lagan Valley Hospital",54.505907,-6.047348,NA,21,"nire","Northern Ireland Automatic Urban Network",NA,"Northern Ireland","Belfast Metropolitan Urban Area","niarc","lis2","temp"
"311",851,"LIS2","NO2",2003-03-01,2013-07-24,"measurement","Lisburn Lagan Valley Hospital",54.505907,-6.047348,NA,3,"nire","Northern Ireland Automatic Urban Network",NA,"Northern Ireland","Belfast Metropolitan Urban Area","niarc","lis2","no2"
"312",1017,"LIS2","DIR",2007-09-01,2013-07-24,"measurement","Lisburn Lagan Valley Hospital",54.505907,-6.047348,NA,22,"nire","Northern Ireland Automatic Urban Network",NA,"Northern Ireland","Belfast Metropolitan Urban Area","niarc","lis2","wd"
"313",1061,"LN","V10",2009-05-15,NA,"measurement","Lough Navar",54.43951,-7.900328,"130",1008,"nir","Northen Ireland Automatic Rural Network","remote","Northern Ireland",NA,"niarc","ln","v10"
"314",811,"LN","PM10",1996-10-02,2009-05-15,"measurement","Lough Navar",54.43951,-7.900328,"130",20,"nir","Northen Ireland Automatic Rural Network","remote","Northern Ireland",NA,"niarc","ln","pm10"
"315",1147,"LN","M_T",2010-08-01,NA,"measurement","Lough Navar",54.43951,-7.900328,"130",1375,"nir","Northen Ireland Automatic Rural Network",NA,"Northern Ireland",NA,"niarc","ln","temp"
"316",891,"LN","TMP",1987-04-02,2006-01-31,"measurement","Lough Navar",54.43951,-7.900328,"130",28,"nir","Northen Ireland Automatic Rural Network","remote","Northern Ireland",NA,"niarc","ln","tmp"
"317",1148,"LN","M_SPED",2010-08-01,NA,"measurement","Lough Navar",54.43951,-7.900328,"130",1376,"nir","Northen Ireland Automatic Rural Network",NA,"Northern Ireland",NA,"niarc","ln","ws"
"318",809,"LN","GE10",1996-10-02,NA,"measurement","Lough Navar",54.43951,-7.900328,"130",16,"nir","Northen Ireland Automatic Rural Network","remote","Northern Ireland",NA,"niarc","ln","ge10"
"319",1060,"LN","NV10",2009-05-15,NA,"measurement","Lough Navar",54.43951,-7.900328,"130",1007,"nir","Northen Ireland Automatic Rural Network","remote","Northern Ireland",NA,"niarc","ln","nv10"
"320",1149,"LN","M_DIR",2010-08-01,NA,"measurement","Lough Navar",54.43951,-7.900328,"130",1377,"nir","Northen Ireland Automatic Rural Network",NA,"Northern Ireland",NA,"niarc","ln","wd"
"321",810,"LN","O3",1987-04-02,NA,"measurement","Lough Navar",54.43951,-7.900328,"130",15,"nir","Northen Ireland Automatic Rural Network","remote","Northern Ireland",NA,"niarc","ln","o3"
"322",937,"NEWR","GE10",1998-07-01,2000-12-31,"measurement","Newry",NA,NA,NA,6,"nire","Northern Ireland Automatic Urban Network",NA,NA,NA,"niarc","newr","ge10"
"323",886,"NEWR","PM10",1998-07-01,2000-12-31,"measurement","Newry",NA,NA,NA,999,"nire","Northern Ireland Automatic Urban Network",NA,NA,NA,"niarc","newr","pm10"
"324",995,"NWY4","NOXasNO2",2006-05-01,2009-05-18,"measurement","Newry Bridge Street",54.16965,-6.339959,NA,9,"nire","Northern Ireland Automatic Urban Network","roadside","Northern Ireland",NA,"niarc","nwy4","nox"
"325",992,"NWY4","NO",2006-05-01,2009-05-18,"measurement","Newry Bridge Street",54.16965,-6.339959,NA,2,"nire","Northern Ireland Automatic Urban Network","roadside","Northern Ireland",NA,"niarc","nwy4","no"
"326",996,"NWY4","PM10",2006-04-27,2009-05-18,"measurement","Newry Bridge Street",54.16965,-6.339959,NA,999,"nire","Northern Ireland Automatic Urban Network","roadside","Northern Ireland",NA,"niarc","nwy4","pm10"
"327",993,"NWY4","NO2",2006-05-01,2009-05-18,"measurement","Newry Bridge Street",54.16965,-6.339959,NA,3,"nire","Northern Ireland Automatic Urban Network","roadside","Northern Ireland",NA,"niarc","nwy4","no2"
"328",1045,"NWY4","NV10",2008-04-01,2009-03-02,"measurement","Newry Bridge Street",54.16965,-6.339959,NA,1003,"nire","Northern Ireland Automatic Urban Network","roadside","Northern Ireland",NA,"niarc","nwy4","nv10"
"329",994,"NWY4","GE10",2006-04-27,2009-05-18,"measurement","Newry Bridge Street",54.16965,-6.339959,NA,6,"nire","Northern Ireland Automatic Urban Network","roadside","Northern Ireland",NA,"niarc","nwy4","ge10"
"330",1046,"NWY4","V10",2008-04-01,2009-03-02,"measurement","Newry Bridge Street",54.16965,-6.339959,NA,1004,"nire","Northern Ireland Automatic Urban Network","roadside","Northern Ireland",NA,"niarc","nwy4","v10"
"331",1065,"NWY5","PM10",2009-06-01,NA,"measurement","Newry Canal Street",54.180381,-6.33924,"10",999,"nire","Northern Ireland Automatic Urban Network","roadside","Northern Ireland",NA,"niarc","nwy5","pm10"
"332",1062,"NWY5","NO2",2009-06-01,2014-12-22,"measurement","Newry Canal Street",54.180381,-6.33924,"10",3,"nire","Northern Ireland Automatic Urban Network","roadside","Northern Ireland",NA,"niarc","nwy5","no2"
"333",1165,"NWY5","M_T",2010-08-01,NA,"measurement","Newry Canal Street",54.180381,-6.33924,"10",1372,"nire","Northern Ireland Automatic Urban Network",NA,"Northern Ireland",NA,"niarc","nwy5","temp"
"334",1068,"NWY5","NO",2009-06-01,2014-12-22,"measurement","Newry Canal Street",54.180381,-6.33924,"10",2,"nire","Northern Ireland Automatic Urban Network","roadside","Northern Ireland",NA,"niarc","nwy5","no"
"335",1063,"NWY5","GE10",2009-06-01,NA,"measurement","Newry Canal Street",54.180381,-6.33924,"10",6,"nire","Northern Ireland Automatic Urban Network","roadside","Northern Ireland",NA,"niarc","nwy5","ge10"
"336",1166,"NWY5","M_SPED",2010-08-01,NA,"measurement","Newry Canal Street",54.180381,-6.33924,"10",1373,"nire","Northern Ireland Automatic Urban Network",NA,"Northern Ireland",NA,"niarc","nwy5","ws"
"337",1069,"NWY5","T",2009-06-01,NA,"measurement","Newry Canal Street",54.180381,-6.33924,"10",21,"nire","Northern Ireland Automatic Urban Network","roadside","Northern Ireland",NA,"niarc","nwy5","temp"
"338",1064,"NWY5","NOXasNO2",2009-06-01,2014-12-22,"measurement","Newry Canal Street",54.180381,-6.33924,"10",9,"nire","Northern Ireland Automatic Urban Network","roadside","Northern Ireland",NA,"niarc","nwy5","nox"
"339",1167,"NWY5","M_DIR",2010-08-01,NA,"measurement","Newry Canal Street",54.180381,-6.33924,"10",1374,"nire","Northern Ireland Automatic Urban Network",NA,"Northern Ireland",NA,"niarc","nwy5","wd"
"340",936,"NWY3","GE10",2004-04-22,2006-02-28,"measurement","Newry Kilkeel",54.065032,-6.010614,NA,6,"nire","Northern Ireland Automatic Urban Network",NA,"Northern Ireland",NA,"niarc","nwy3","ge10"
"341",887,"NWY3","PM10",2004-04-22,2006-02-28,"measurement","Newry Kilkeel",54.065032,-6.010614,NA,999,"nire","Northern Ireland Automatic Urban Network",NA,"Northern Ireland",NA,"niarc","nwy3","pm10"
"342",918,"NWY3","T",2004-04-22,2006-02-28,"measurement","Newry Kilkeel",54.065032,-6.010614,NA,21,"nire","Northern Ireland Automatic Urban Network",NA,"Northern Ireland",NA,"niarc","nwy3","temp"
"343",1164,"NWY2","M_DIR",2010-08-01,2016-04-18,"measurement","Newry Monaghan Row",54.178861,-6.348254,NA,1374,"nire","Northern Ireland Automatic Urban Network",NA,"Northern Ireland",NA,"niarc","nwy2","wd"
"344",874,"NWY2","PM10",2001-04-01,2008-03-06,"measurement","Newry Monaghan Row",54.178861,-6.348254,NA,999,"nire","Northern Ireland Automatic Urban Network",NA,"Northern Ireland",NA,"niarc","nwy2","pm10"
"345",1044,"NWY2","V10",2008-03-07,2016-04-18,"measurement","Newry Monaghan Row",54.178861,-6.348254,NA,1004,"nire","Northern Ireland Automatic Urban Network",NA,"Northern Ireland",NA,"niarc","nwy2","v10"
"346",873,"NWY2","NOXasNO2",2001-04-01,2006-03-10,"measurement","Newry Monaghan Row",54.178861,-6.348254,NA,9,"nire","Northern Ireland Automatic Urban Network",NA,"Northern Ireland",NA,"niarc","nwy2","nox"
"347",1162,"NWY2","M_T",2010-08-01,2016-04-18,"measurement","Newry Monaghan Row",54.178861,-6.348254,NA,1372,"nire","Northern Ireland Automatic Urban Network",NA,"Northern Ireland",NA,"niarc","nwy2","temp"
"348",872,"NWY2","NO2",2001-04-01,2006-03-10,"measurement","Newry Monaghan Row",54.178861,-6.348254,NA,3,"nire","Northern Ireland Automatic Urban Network",NA,"Northern Ireland",NA,"niarc","nwy2","no2"
"349",1163,"NWY2","M_SPED",2010-08-01,2016-04-18,"measurement","Newry Monaghan Row",54.178861,-6.348254,NA,1373,"nire","Northern Ireland Automatic Urban Network",NA,"Northern Ireland",NA,"niarc","nwy2","ws"
"350",875,"NWY2","SO2",2001-04-01,2008-04-03,"measurement","Newry Monaghan Row",54.178861,-6.348254,NA,8,"nire","Northern Ireland Automatic Urban Network",NA,"Northern Ireland",NA,"niarc","nwy2","so2"
"351",871,"NWY2","NO",2001-04-01,2006-03-10,"measurement","Newry Monaghan Row",54.178861,-6.348254,NA,2,"nire","Northern Ireland Automatic Urban Network",NA,"Northern Ireland",NA,"niarc","nwy2","no"
"352",945,"NWY2","GE10",2001-04-01,2016-04-18,"measurement","Newry Monaghan Row",54.178861,-6.348254,NA,6,"nire","Northern Ireland Automatic Urban Network",NA,"Northern Ireland",NA,"niarc","nwy2","ge10"
"353",1043,"NWY2","NV10",2008-03-07,2016-04-18,"measurement","Newry Monaghan Row",54.178861,-6.348254,NA,1003,"nire","Northern Ireland Automatic Urban Network",NA,"Northern Ireland",NA,"niarc","nwy2","nv10"
"354",867,"NWY1","PM10",2001-05-01,2008-03-27,"measurement","Newry Trevor Hill",54.177949,-6.336016,NA,999,"nire","Northern Ireland Automatic Urban Network",NA,"Northern Ireland",NA,"niarc","nwy1","pm10"
"355",1161,"NWY1","M_DIR",2010-08-01,2016-01-18,"measurement","Newry Trevor Hill",54.177949,-6.336016,NA,1374,"nire","Northern Ireland Automatic Urban Network",NA,"Northern Ireland",NA,"niarc","nwy1","wd"
"356",870,"NWY1","NO",2001-05-01,2014-04-30,"measurement","Newry Trevor Hill",54.177949,-6.336016,NA,2,"nire","Northern Ireland Automatic Urban Network",NA,"Northern Ireland",NA,"niarc","nwy1","no"
"357",946,"NWY1","GE10",2001-05-01,2016-01-18,"measurement","Newry Trevor Hill",54.177949,-6.336016,NA,6,"nire","Northern Ireland Automatic Urban Network",NA,"Northern Ireland",NA,"niarc","nwy1","ge10"
"358",866,"NWY1","SO2",2001-05-01,2008-03-31,"measurement","Newry Trevor Hill",54.177949,-6.336016,NA,8,"nire","Northern Ireland Automatic Urban Network",NA,"Northern Ireland",NA,"niarc","nwy1","so2"
"359",1041,"NWY1","NV10",2008-03-28,2016-01-18,"measurement","Newry Trevor Hill",54.177949,-6.336016,NA,1003,"nire","Northern Ireland Automatic Urban Network",NA,"Northern Ireland",NA,"niarc","nwy1","nv10"
"360",869,"NWY1","NO2",2001-05-01,2014-04-30,"measurement","Newry Trevor Hill",54.177949,-6.336016,NA,3,"nire","Northern Ireland Automatic Urban Network",NA,"Northern Ireland",NA,"niarc","nwy1","no2"
"361",1159,"NWY1","M_T",2010-08-01,2016-01-18,"measurement","Newry Trevor Hill",54.177949,-6.336016,NA,1372,"nire","Northern Ireland Automatic Urban Network",NA,"Northern Ireland",NA,"niarc","nwy1","temp"
"362",1042,"NWY1","V10",2008-03-28,2016-01-18,"measurement","Newry Trevor Hill",54.177949,-6.336016,NA,1004,"nire","Northern Ireland Automatic Urban Network",NA,"Northern Ireland",NA,"niarc","nwy1","v10"
"363",868,"NWY1","NOXasNO2",2001-05-01,2014-04-30,"measurement","Newry Trevor Hill",54.177949,-6.336016,NA,9,"nire","Northern Ireland Automatic Urban Network",NA,"Northern Ireland",NA,"niarc","nwy1","nox"
"364",1160,"NWY1","M_SPED",2010-08-01,2016-01-18,"measurement","Newry Trevor Hill",54.177949,-6.336016,NA,1373,"nire","Northern Ireland Automatic Urban Network",NA,"Northern Ireland",NA,"niarc","nwy1","ws"
"365",1157,"NWT5","M_SPED",2010-08-01,NA,"measurement","Newtownabbey Antrim Road",54.666013,-5.950219,"113",1373,"nire","Northern Ireland Automatic Urban Network",NA,"Northern Ireland","Belfast Metropolitan Urban Area","niarc","nwt5","ws"
"366",1025,"NWT5","NO2",2008-01-28,NA,"measurement","Newtownabbey Antrim Road",54.666013,-5.950219,"113",3,"nire","Northern Ireland Automatic Urban Network",NA,"Northern Ireland","Belfast Metropolitan Urban Area","niarc","nwt5","no2"
"367",1158,"NWT5","M_DIR",2010-08-01,NA,"measurement","Newtownabbey Antrim Road",54.666013,-5.950219,"113",1374,"nire","Northern Ireland Automatic Urban Network",NA,"Northern Ireland","Belfast Metropolitan Urban Area","niarc","nwt5","wd"
"368",1026,"NWT5","NOXasNO2",2008-01-28,NA,"measurement","Newtownabbey Antrim Road",54.666013,-5.950219,"113",9,"nire","Northern Ireland Automatic Urban Network",NA,"Northern Ireland","Belfast Metropolitan Urban Area","niarc","nwt5","nox"
"369",1156,"NWT5","M_T",2010-08-01,NA,"measurement","Newtownabbey Antrim Road",54.666013,-5.950219,"113",1372,"nire","Northern Ireland Automatic Urban Network",NA,"Northern Ireland","Belfast Metropolitan Urban Area","niarc","nwt5","temp"
"370",1024,"NWT5","NO",2008-01-28,NA,"measurement","Newtownabbey Antrim Road",54.666013,-5.950219,"113",2,"nire","Northern Ireland Automatic Urban Network",NA,"Northern Ireland","Belfast Metropolitan Urban Area","niarc","nwt5","no"
"371",947,"NWT3","GE10",2005-02-23,2007-09-25,"measurement","Newtownabbey Ballyclare",54.68435,-5.968351,NA,6,"nire","Northern Ireland Automatic Urban Network",NA,"Northern Ireland","Belfast Metropolitan Urban Area","niarc","nwt3","ge10"
"372",865,"NWT3","SO2",2005-02-23,2007-09-25,"measurement","Newtownabbey Ballyclare",54.68435,-5.968351,NA,8,"nire","Northern Ireland Automatic Urban Network",NA,"Northern Ireland","Belfast Metropolitan Urban Area","niarc","nwt3","so2"
"373",864,"NWT3","PM10",2005-02-23,2007-09-25,"measurement","Newtownabbey Ballyclare",54.68435,-5.968351,NA,999,"nire","Northern Ireland Automatic Urban Network",NA,"Northern Ireland","Belfast Metropolitan Urban Area","niarc","nwt3","pm10"
"374",1021,"NWT4","NO",2007-12-20,2012-04-02,"measurement","Newtownabbey Ballyclare Main St",54.75155,-5.999965,"74",2,"nire","Northern Ireland Automatic Urban Network",NA,"Northern Ireland",NA,"niarc","nwt4","no"
"375",1022,"NWT4","NO2",2007-12-20,2012-04-02,"measurement","Newtownabbey Ballyclare Main St",54.75155,-5.999965,"74",3,"nire","Northern Ireland Automatic Urban Network",NA,"Northern Ireland",NA,"niarc","nwt4","no2"
"376",1023,"NWT4","NOXasNO2",2007-12-20,2012-04-02,"measurement","Newtownabbey Ballyclare Main St",54.75155,-5.999965,"74",9,"nire","Northern Ireland Automatic Urban Network",NA,"Northern Ireland",NA,"niarc","nwt4","nox"
"377",1014,"NWT2","SPED",2000-01-01,2012-04-02,"measurement","Newtownabbey Sandyknowes",54.678291,-5.976958,"121",23,"nire","Northern Ireland Automatic Urban Network",NA,"Northern Ireland","Belfast Metropolitan Urban Area","niarc","nwt2","ws"
"378",863,"NWT2","NOXasNO2",2003-04-01,2012-04-02,"measurement","Newtownabbey Sandyknowes",54.678291,-5.976958,"121",9,"nire","Northern Ireland Automatic Urban Network",NA,"Northern Ireland","Belfast Metropolitan Urban Area","niarc","nwt2","nox"
"379",862,"NWT2","NO2",2003-04-01,2012-04-02,"measurement","Newtownabbey Sandyknowes",54.678291,-5.976958,"121",3,"nire","Northern Ireland Automatic Urban Network",NA,"Northern Ireland","Belfast Metropolitan Urban Area","niarc","nwt2","no2"
"380",861,"NWT2","NO",2003-04-01,2012-04-02,"measurement","Newtownabbey Sandyknowes",54.678291,-5.976958,"121",2,"nire","Northern Ireland Automatic Urban Network",NA,"Northern Ireland","Belfast Metropolitan Urban Area","niarc","nwt2","no"
"381",1013,"NWT2","DIR",2000-01-01,2012-04-02,"measurement","Newtownabbey Sandyknowes",54.678291,-5.976958,"121",22,"nire","Northern Ireland Automatic Urban Network",NA,"Northern Ireland","Belfast Metropolitan Urban Area","niarc","nwt2","wd"
"382",979,"NWT1","NO",2003-04-01,2007-09-18,"measurement","Newtownabbey Shore Road",54.653725,-5.913772,NA,2,"nire","Northern Ireland Automatic Urban Network",NA,"Northern Ireland","Belfast Metropolitan Urban Area","niarc","nwt1","no"
"383",859,"NWT1","NOXasNO2",2003-04-01,2007-09-18,"measurement","Newtownabbey Shore Road",54.653725,-5.913772,NA,9,"nire","Northern Ireland Automatic Urban Network",NA,"Northern Ireland","Belfast Metropolitan Urban Area","niarc","nwt1","nox"
"384",980,"NWT1","NO2",2003-04-01,2007-09-18,"measurement","Newtownabbey Shore Road",54.653725,-5.913772,NA,3,"nire","Northern Ireland Automatic Urban Network",NA,"Northern Ireland","Belfast Metropolitan Urban Area","niarc","nwt1","no2"
"385",949,"ND1","GE10",2003-02-25,2011-01-05,"measurement","North Down Bangor",54.655163,-5.678749,NA,6,"nire","Northern Ireland Automatic Urban Network",NA,"Northern Ireland","Belfast Metropolitan Urban Area","niarc","nd1","ge10"
"386",855,"ND1","SO2",2003-02-25,2010-04-01,"measurement","North Down Bangor",54.655163,-5.678749,NA,8,"nire","Northern Ireland Automatic Urban Network",NA,"Northern Ireland","Belfast Metropolitan Urban Area","niarc","nd1","so2"
"387",854,"ND1","PM10",2003-02-25,2011-01-05,"measurement","North Down Bangor",54.655163,-5.678749,NA,999,"nire","Northern Ireland Automatic Urban Network",NA,"Northern Ireland","Belfast Metropolitan Urban Area","niarc","nd1","pm10"
"388",930,"ND1","TMP",2003-02-25,2006-03-08,"measurement","North Down Bangor",54.655163,-5.678749,NA,24,"nire","Northern Ireland Automatic Urban Network",NA,"Northern Ireland","Belfast Metropolitan Urban Area","niarc","nd1","tmp"
"389",900,"ND1","T",2003-02-25,2011-01-05,"measurement","North Down Bangor",54.655163,-5.678749,NA,21,"nire","Northern Ireland Automatic Urban Network",NA,"Northern Ireland","Belfast Metropolitan Urban Area","niarc","nd1","temp"
"390",984,"ND2","PM10",2003-03-01,NA,"measurement","North Down Holywood A2",54.641963,-5.837939,NA,999,"nire","Northern Ireland Automatic Urban Network",NA,"Northern Ireland","Belfast Metropolitan Urban Area","niarc","nd2","pm10"
"391",931,"ND2","TMP",2003-03-01,2006-03-08,"measurement","North Down Holywood A2",54.641963,-5.837939,NA,24,"nire","Northern Ireland Automatic Urban Network",NA,"Northern Ireland","Belfast Metropolitan Urban Area","niarc","nd2","tmp"
"392",913,"ND2","T",2003-03-01,NA,"measurement","North Down Holywood A2",54.641963,-5.837939,NA,21,"nire","Northern Ireland Automatic Urban Network",NA,"Northern Ireland","Belfast Metropolitan Urban Area","niarc","nd2","temp"
"393",856,"ND2","NO",2003-03-01,NA,"measurement","North Down Holywood A2",54.641963,-5.837939,NA,2,"nire","Northern Ireland Automatic Urban Network",NA,"Northern Ireland","Belfast Metropolitan Urban Area","niarc","nd2","no"
"394",1154,"ND2","M_SPED",2010-08-01,NA,"measurement","North Down Holywood A2",54.641963,-5.837939,NA,1373,"nire","Northern Ireland Automatic Urban Network",NA,"Northern Ireland","Belfast Metropolitan Urban Area","niarc","nd2","ws"
"395",912,"ND2","SPED",2003-03-01,NA,"measurement","North Down Holywood A2",54.641963,-5.837939,NA,23,"nire","Northern Ireland Automatic Urban Network",NA,"Northern Ireland","Belfast Metropolitan Urban Area","niarc","nd2","ws"
"396",1177,"ND2","PRES",2003-03-01,NA,"measurement","North Down Holywood A2",54.641963,-5.837939,NA,1027,"nire","Northern Ireland Automatic Urban Network",NA,"Northern Ireland","Belfast Metropolitan Urban Area","niarc","nd2","pres"
"397",1155,"ND2","M_DIR",2010-08-01,NA,"measurement","North Down Holywood A2",54.641963,-5.837939,NA,1374,"nire","Northern Ireland Automatic Urban Network",NA,"Northern Ireland","Belfast Metropolitan Urban Area","niarc","nd2","wd"
"398",858,"ND2","NOXasNO2",2003-03-01,NA,"measurement","North Down Holywood A2",54.641963,-5.837939,NA,9,"nire","Northern Ireland Automatic Urban Network",NA,"Northern Ireland","Belfast Metropolitan Urban Area","niarc","nd2","nox"
"399",911,"ND2","DIR",2003-03-01,NA,"measurement","North Down Holywood A2",54.641963,-5.837939,NA,22,"nire","Northern Ireland Automatic Urban Network",NA,"Northern Ireland","Belfast Metropolitan Urban Area","niarc","nd2","wd"
"400",983,"ND2","GE10",2003-03-01,NA,"measurement","North Down Holywood A2",54.641963,-5.837939,NA,6,"nire","Northern Ireland Automatic Urban Network",NA,"Northern Ireland","Belfast Metropolitan Urban Area","niarc","nd2","ge10"
"401",857,"ND2","NO2",2003-03-01,NA,"measurement","North Down Holywood A2",54.641963,-5.837939,NA,3,"nire","Northern Ireland Automatic Urban Network",NA,"Northern Ireland","Belfast Metropolitan Urban Area","niarc","nd2","no2"
"402",1153,"ND2","M_T",2010-08-01,NA,"measurement","North Down Holywood A2",54.641963,-5.837939,NA,1372,"nire","Northern Ireland Automatic Urban Network",NA,"Northern Ireland","Belfast Metropolitan Urban Area","niarc","nd2","temp"
"403",935,"OM","GE10",2003-09-26,2004-04-10,"measurement","Omagh Tamlaght",54.596274,-7.347907,NA,6,"nire","Northern Ireland Automatic Urban Network",NA,"Northern Ireland",NA,"niarc","om","ge10"
"404",888,"OM","PM10",2003-09-26,2004-04-10,"measurement","Omagh Tamlaght",54.596274,-7.347907,NA,999,"nire","Northern Ireland Automatic Urban Network",NA,"Northern Ireland",NA,"niarc","om","pm10"
"405",892,"SBAN","DIR",2002-04-26,2012-02-15,"measurement","Strabane Springhill Park",54.821427,-7.453291,"28",22,"nire","Northern Ireland Automatic Urban Network",NA,"Northern Ireland",NA,"niarc","sban","wd"
"406",1168,"SBAN","M_T",2010-08-01,NA,"measurement","Strabane Springhill Park",54.821427,-7.453291,"28",1372,"nire","Northern Ireland Automatic Urban Network",NA,"Northern Ireland",NA,"niarc","sban","temp"
"407",1015,"SBAN","GE10",2002-04-26,NA,"measurement","Strabane Springhill Park",54.821427,-7.453291,"28",6,"nire","Northern Ireland Automatic Urban Network",NA,"Northern Ireland",NA,"niarc","sban","ge10"
"408",1169,"SBAN","M_SPED",2010-08-01,NA,"measurement","Strabane Springhill Park",54.821427,-7.453291,"28",1373,"nire","Northern Ireland Automatic Urban Network",NA,"Northern Ireland",NA,"niarc","sban","ws"
"409",894,"SBAN","T",2002-04-26,2012-10-10,"measurement","Strabane Springhill Park",54.821427,-7.453291,"28",21,"nire","Northern Ireland Automatic Urban Network",NA,"Northern Ireland",NA,"niarc","sban","temp"
"410",876,"SBAN","SO2",2002-04-26,NA,"measurement","Strabane Springhill Park",54.821427,-7.453291,"28",8,"nire","Northern Ireland Automatic Urban Network",NA,"Northern Ireland",NA,"niarc","sban","so2"
"411",944,"SBAN","PM10",2002-04-26,NA,"measurement","Strabane Springhill Park",54.821427,-7.453291,"28",999,"nire","Northern Ireland Automatic Urban Network",NA,"Northern Ireland",NA,"niarc","sban","pm10"
"412",1170,"SBAN","M_DIR",2010-08-01,NA,"measurement","Strabane Springhill Park",54.821427,-7.453291,"28",1374,"nire","Northern Ireland Automatic Urban Network",NA,"Northern Ireland",NA,"niarc","sban","wd"
"413",893,"SBAN","SPED",2002-04-26,2015-06-04,"measurement","Strabane Springhill Park",54.821427,-7.453291,"28",23,"nire","Northern Ireland Automatic Urban Network",NA,"Northern Ireland",NA,"niarc","sban","ws"
