"","site_network_id","site","site_name","variable","date_started","date_ended","site_type","latitude","longitude","data_table","database_name"
"3",1641,"81560","ABERDEEN 1N","no2",1992-12-29,NA,NA,NA,NA,"md_measurement","scotarc"
"6",1642,"81561","ABERDEEN 2N","no2",1992-12-29,2000-11-28,NA,NA,NA,"md_measurement","scotarc"
"9",1643,"81562","ABERDEEN 3N","no2",1992-12-29,NA,NA,NA,NA,"md_measurement","scotarc"
"10",1644,"81563","ABERDEEN 4N","no2",1992-12-29,NA,NA,NA,NA,"md_measurement","scotarc"
"11",1832,"83589","ABERDEEN 5N","no2",2001-01-02,NA,NA,NA,NA,"md_measurement","scotarc"
"12",2250,"abd1","Aberdeen Anderson Dr","pm10",2005-01-01,NA,"urban_background",57.128567,-2.125447,"measurement","scotarc"
"14",2247,"abd1","Aberdeen Anderson Dr","no2",2005-01-01,NA,"urban_background",57.128567,-2.125447,"measurement","scotarc"
"21",2003,"abd","Aberdeen Errol Place","no2",1999-09-18,NA,"urban_background",57.15736,-2.094278,"measurement","scotarc"
"25",2618,"abd","Aberdeen Errol Place","pm25",2009-02-20,NA,"urban_background",57.15736,-2.094278,"measurement","scotarc"
"26",2004,"abd","Aberdeen Errol Place","o3",2003-08-01,NA,"urban_background",57.15736,-2.094278,"measurement","scotarc"
"29",2008,"abd","Aberdeen Errol Place","pm10",1999-09-18,2009-02-19,"urban_background",57.15736,-2.094278,"measurement","scotarc"
"30",2001,"abd","Aberdeen Errol Place","co",1999-09-18,2007-12-31,"urban_background",57.15736,-2.094278,"measurement","scotarc"
"36",2617,"ad1","Aberdeen King Street","pm10",2008-11-25,NA,"roadside",57.169738,-2.095348,"measurement","scotarc"
"38",2614,"ad1","Aberdeen King Street","no2",2008-11-25,NA,"roadside",57.169738,-2.095348,"measurement","scotarc"
"46",2255,"abd2","Aberdeen Market St","pm10",2005-01-01,2009-01-19,"kerbside",57.143889,-2.093889,"measurement","scotarc"
"47",2252,"abd2","Aberdeen Market St","no2",2005-01-01,2009-01-19,"kerbside",57.143889,-2.093889,"measurement","scotarc"
"54",3282,"abd0","Aberdeen Market Street 2","pm25",2015-09-30,NA,NA,57.141922,-2.091664,"measurement","scotarc"
"55",2694,"abd0","Aberdeen Market Street 2","pm10",2009-06-01,NA,"roadside",57.141922,-2.091664,"measurement","scotarc"
"56",2691,"abd0","Aberdeen Market Street 2","no2",2009-06-01,NA,"roadside",57.141922,-2.091664,"measurement","scotarc"
"60",3212,"abd3","Aberdeen Union Street Roadside","pm25",2014-04-11,NA,"urban_background",57.144555,-2.106472,"measurement","scotarc"
"61",2257,"abd3","Aberdeen Union Street Roadside","no2",2005-01-01,NA,"urban_background",57.144555,-2.106472,"measurement","scotarc"
"70",2260,"abd3","Aberdeen Union Street Roadside","pm10",2005-01-01,2014-04-10,"urban_background",57.144555,-2.106472,"measurement","scotarc"
"75",3310,"abd8","Aberdeen Wellington Road","pm25",2016-09-20,NA,NA,57.134195,-2.093968,"measurement","scotarc"
"80",2514,"abd8","Aberdeen Wellington Road","pm10",2008-01-01,NA,"roadside",57.134195,-2.093968,"measurement","scotarc"
"82",2511,"abd8","Aberdeen Wellington Road","no2",2008-01-01,NA,"roadside",57.134195,-2.093968,"measurement","scotarc"
"109",1269,"5140","Achanarras","no2",1993-02-02,1995-01-03,NA,NA,NA,"md_measurement","scotarc"
"117",1671,"81890","AIRDRIE 1N","no2",1992-12-29,NA,NA,NA,NA,"md_measurement","scotarc"
"118",1672,"81891","AIRDRIE 2N","no2",1900-01-01,1900-01-01,NA,NA,NA,"md_measurement","scotarc"
"119",1763,"82279","AIRDRIE 3N","no2",1992-12-29,NA,NA,NA,NA,"md_measurement","scotarc"
"124",2708,"aloa","Alloa","pm10",2006-09-20,2015-01-13,"roadside",56.117258,-3.791896,"measurement","scotarc"
"127",1637,"81556","ALLOA 1N","no2",1992-12-29,NA,NA,NA,NA,"md_measurement","scotarc"
"128",1638,"81557","ALLOA 2N","no2",1994-01-04,1994-11-29,NA,NA,NA,"md_measurement","scotarc"
"131",1639,"81558","ALLOA 3N","no2",1900-01-01,1900-01-01,NA,NA,NA,"md_measurement","scotarc"
"134",1640,"81559","ALLOA 4N","no2",1994-01-04,NA,NA,NA,NA,"md_measurement","scotarc"
"137",1745,"82138","ALLOA 5N","no2",1994-01-04,1994-11-29,NA,NA,NA,"md_measurement","scotarc"
"140",1746,"82139","ALLOA 6N","no2",1992-12-29,NA,NA,NA,NA,"md_measurement","scotarc"
"141",1778,"82532","ALLOA 7N","no2",1992-12-29,2000-11-28,NA,NA,NA,"md_measurement","scotarc"
"142",1779,"82533","ALLOA 8N","no2",1992-12-29,1994-11-29,NA,NA,NA,"md_measurement","scotarc"
"148",3268,"alo2","Alloa A907","no2",2015-02-25,NA,"roadside",56.117343,-3.791818,"measurement","scotarc"
"185",2386,"acth","Auchencorth Moss","pm25",2006-01-01,NA,"rural",55.79216,-3.2429,"measurement","scotarc"
"186",2316,"acth","Auchencorth Moss","o3",2006-01-01,NA,"rural",55.79216,-3.2429,"measurement","scotarc"
"217",1804,"82719","AYR 1N","no2",1996-01-02,NA,NA,NA,NA,"md_measurement","scotarc"
"218",1805,"82720","AYR 2N","no2",1996-01-02,2000-11-28,NA,NA,NA,"md_measurement","scotarc"
"219",1806,"82721","AYR 3N","no2",1996-01-02,NA,NA,NA,NA,"md_measurement","scotarc"
"220",1807,"82722","AYR 4N","no2",1996-01-02,NA,NA,NA,NA,"md_measurement","scotarc"
"221",1839,"83596","AYR 5N","no2",2001-01-02,NA,NA,NA,NA,"md_measurement","scotarc"
"230",1836,"83593","BALLOCH 1N","no2",2001-01-02,2005-02-01,NA,NA,NA,"md_measurement","scotarc"
"231",1856,"83747","BALLOCH 2N","no2",2005-01-04,NA,"roadside",NA,NA,"md_measurement","scotarc"
"288",1568,"5200","Balquhidder","no2",1993-02-02,1994-04-12,NA,NA,NA,"md_measurement","scotarc"
"299",1423,"5152","Balquhidder 2","no2",1994-07-11,1995-01-03,NA,NA,NA,"md_measurement","scotarc"
"363",1879,"84163","Bargeddie 1N","no2",2006-01-01,NA,"urban_background",NA,NA,"md_measurement","scotarc"
"364",1688,"81923","BARRHEAD 1N","no2",1900-01-01,1900-01-01,NA,NA,NA,"md_measurement","scotarc"
"367",1626,"81018","BATHGATE 2N","no2",1992-12-29,2000-11-28,NA,NA,NA,"md_measurement","scotarc"
"370",1628,"81020","BATHGATE 4N","no2",1992-12-29,NA,NA,NA,NA,"md_measurement","scotarc"
"373",1828,"82974","BEARSDEN 10N","no2",2001-01-02,NA,NA,NA,NA,"md_measurement","scotarc"
"374",1864,"83847","Bearsden 13N","no2",2003-04-29,NA,"roadside",NA,NA,"md_measurement","scotarc"
"375",1865,"83848","Bearsden 14N","no2",2003-04-29,NA,"roadside",NA,NA,"md_measurement","scotarc"
"376",1866,"83849","Bearsden 15N","no2",2003-04-29,NA,"roadside",NA,NA,"md_measurement","scotarc"
"377",1867,"83850","Bearsden 16N","no2",2005-11-02,NA,"roadside",NA,NA,"md_measurement","scotarc"
"378",1782,"82554","BEARSDEN 1N","no2",1994-01-04,NA,NA,NA,NA,"md_measurement","scotarc"
"379",1783,"82555","BEARSDEN 2N","no2",1994-01-04,2000-11-28,NA,NA,NA,"md_measurement","scotarc"
"380",1784,"82556","BEARSDEN 3N","no2",1994-01-04,NA,NA,NA,NA,"md_measurement","scotarc"
"381",1785,"82557","BEARSDEN 4N","no2",1994-01-04,NA,NA,NA,NA,"md_measurement","scotarc"
"382",1861,"83844","Bearsden 7N","no2",1998-03-03,NA,"roadside",NA,NA,"md_measurement","scotarc"
"383",1862,"83845","Bearsden 8N","no2",1998-02-03,NA,"roadside",NA,NA,"md_measurement","scotarc"
"384",1863,"83846","Bearsden 9N","no2",1998-02-03,NA,"roadside",NA,NA,"md_measurement","scotarc"
"416",1900,"84184","Bellshill 1N","no2",2005-11-29,NA,"urban_background",NA,NA,"md_measurement","scotarc"
"417",1680,"81907","BELLSHILL 4N","no2",1900-01-01,1900-01-01,NA,NA,NA,"md_measurement","scotarc"
"421",1827,"82973","BISHOPBRIGGS 12N","no2",2001-01-02,NA,NA,NA,NA,"md_measurement","scotarc"
"422",1857,"83840","Bishopbriggs 13N","no2",2003-04-01,NA,"roadside",NA,NA,"md_measurement","scotarc"
"423",1858,"83841","Bishopbriggs 14N","no2",2003-12-05,NA,"roadside",NA,NA,"md_measurement","scotarc"
"424",1631,"81023","BISHOPBRIGGS 5N","no2",1992-12-29,NA,NA,NA,NA,"md_measurement","scotarc"
"425",1629,"81021","BISHOPBRIGGS 6N","no2",1992-12-29,NA,NA,NA,NA,"md_measurement","scotarc"
"426",1630,"81022","BISHOPBRIGGS 7N","no2",1992-12-29,2000-11-28,NA,NA,NA,"md_measurement","scotarc"
"427",1632,"81024","BISHOPBRIGGS 8N","no2",1992-12-29,NA,NA,NA,NA,"md_measurement","scotarc"
"438",1695,"81934","BOTHWELL 3N","no2",1900-01-01,1900-01-01,NA,NA,NA,"md_measurement","scotarc"
"468",1771,"82351","BRORA 1N","no2",1900-01-01,1900-01-01,NA,NA,NA,"md_measurement","scotarc"
"478",2010,"bush","Bush Estate","o3",1986-04-01,NA,"rural",55.862281,-3.205782,"measurement","scotarc"
"481",2011,"bush","Bush Estate","no2",2003-10-09,NA,"rural",55.862281,-3.205782,"measurement","scotarc"
"490",1878,"84162","Carfin 1N","no2",2006-01-01,NA,"urban_background",NA,NA,"md_measurement","scotarc"
"491",1874,"84158","Chapelhall 1N","no2",NA,NA,"roadside",NA,NA,"md_measurement","scotarc"
"492",1894,"84178","Chapelhall 2N","no2",2006-01-01,NA,"roadside",NA,NA,"md_measurement","scotarc"
"493",1895,"84179","Chapelhall 3N","no2",2006-01-01,NA,"roadside",NA,NA,"md_measurement","scotarc"
"494",1667,"81839","CLARKSTON 1N","no2",1900-01-01,1900-01-01,NA,NA,NA,"md_measurement","scotarc"
"495",1773,"82436","CLYDEBANK 1N","no2",1994-01-04,NA,NA,NA,NA,"md_measurement","scotarc"
"496",1774,"82437","CLYDEBANK 2N","no2",1994-01-04,2000-11-28,NA,NA,NA,"md_measurement","scotarc"
"497",1775,"82438","CLYDEBANK 3N","no2",1994-01-04,NA,NA,NA,NA,"md_measurement","scotarc"
"498",1776,"82439","CLYDEBANK 4N","no2",1994-01-04,NA,NA,NA,NA,"md_measurement","scotarc"
"501",1837,"83594","CLYDEBANK 5N","no2",2001-01-02,NA,NA,NA,NA,"md_measurement","scotarc"
"504",1855,"83746","Clydebank 8n","no2",2005-01-04,NA,"urban_background",NA,NA,"md_measurement","scotarc"
"511",1669,"81888","COATBRIDGE 1N","no2",1992-12-29,NA,NA,NA,NA,"md_measurement","scotarc"
"512",1670,"81889","COATBRIDGE 2N","no2",1992-12-29,2000-11-28,NA,NA,NA,"md_measurement","scotarc"
"513",1841,"83598","COATBRIDGE 3N","no2",2001-01-02,NA,NA,NA,NA,"md_measurement","scotarc"
"516",1871,"84154","Coatbridge 4N","no2",2005-03-03,NA,"roadside",NA,NA,"md_measurement","scotarc"
"519",1880,"84164","Coatbridge 5N","no2",2006-01-01,NA,"urban_background",NA,NA,"md_measurement","scotarc"
"520",1881,"84165","Coatbridge 6N","no2",2006-01-01,NA,"roadside",NA,NA,"md_measurement","scotarc"
"523",1896,"84180","Coatbridge 7N","no2",2006-01-01,NA,"roadside",NA,NA,"md_measurement","scotarc"
"524",1897,"84181","Coatbridge 8N","no2",2006-01-01,NA,"urban_background",NA,NA,"md_measurement","scotarc"
"536",1872,"84156","Cumbernauld 1N","no2",2004-03-02,NA,"urban_background",NA,NA,"md_measurement","scotarc"
"539",1873,"84157","Cumbernauld 2N","no2",2004-03-02,NA,"urban_background",NA,NA,"md_measurement","scotarc"
"542",1898,"84182","Cumbernauld 3N","no2",2006-01-01,NA,"urban_background",NA,NA,"md_measurement","scotarc"
"545",1681,"81916","CUPAR 1N","no2",1992-12-29,NA,NA,NA,NA,"md_measurement","scotarc"
"546",1682,"81917","CUPAR 2N","no2",1992-12-29,2000-11-28,NA,NA,NA,"md_measurement","scotarc"
"547",1683,"81918","CUPAR 3N","no2",1900-01-01,1900-01-01,NA,NA,NA,"md_measurement","scotarc"
"548",1758,"82224","CUPAR 4N","no2",1992-12-29,NA,NA,NA,NA,"md_measurement","scotarc"
"551",1701,"81942","DALKEITH 1N","no2",1992-12-29,NA,NA,NA,NA,"md_measurement","scotarc"
"552",1703,"81944","DALKEITH 2N","no2",1992-12-29,NA,NA,NA,NA,"md_measurement","scotarc"
"553",1762,"82278","DALKEITH 3N","no2",1992-12-29,2000-11-28,NA,NA,NA,"md_measurement","scotarc"
"560",1787,"82561","DINGWALL 10N","no2",1994-01-04,1994-11-29,NA,NA,NA,"md_measurement","scotarc"
"561",1788,"82562","DINGWALL 11N","no2",1994-01-04,NA,NA,NA,NA,"md_measurement","scotarc"
"562",1850,"83667","DINGWALL 12N","no2",2001-01-02,NA,NA,NA,NA,"md_measurement","scotarc"
"563",1853,"83691","DINGWALL 13N","no2",2002-01-01,NA,NA,NA,NA,"md_measurement","scotarc"
"564",1854,"83724","DINGWALL 14N","no2",2004-03-04,NA,NA,NA,NA,"md_measurement","scotarc"
"565",1726,"82066","DINGWALL 1N","no2",1900-01-01,1900-01-01,NA,NA,NA,"md_measurement","scotarc"
"566",1727,"82067","DINGWALL 2N","no2",1900-01-01,1900-01-01,NA,NA,NA,"md_measurement","scotarc"
"567",1728,"82068","DINGWALL 3N","no2",1900-01-01,1900-01-01,NA,NA,NA,"md_measurement","scotarc"
"568",1729,"82069","DINGWALL 4N","no2",1900-01-01,1900-01-01,NA,NA,NA,"md_measurement","scotarc"
"569",1730,"82070","DINGWALL 5N","no2",1992-12-29,2002-12-31,NA,NA,NA,"md_measurement","scotarc"
"570",1731,"82071","DINGWALL 6N","no2",1992-12-29,1999-11-30,NA,NA,NA,"md_measurement","scotarc"
"571",1732,"82072","DINGWALL 7N","no2",1992-12-29,1994-11-29,NA,NA,NA,"md_measurement","scotarc"
"572",1733,"82073","DINGWALL 8N","no2",1992-12-29,1994-11-29,NA,NA,NA,"md_measurement","scotarc"
"573",1786,"82560","DINGWALL 9N","no2",1994-01-04,2004-02-28,NA,NA,NA,"md_measurement","scotarc"
"574",1661,"81806","DUMBARTON 1N","no2",1992-12-29,NA,NA,NA,NA,"md_measurement","scotarc"
"575",1662,"81807","DUMBARTON 2N","no2",1992-12-29,1994-11-29,NA,NA,NA,"md_measurement","scotarc"
"578",1663,"81808","DUMBARTON 3N","no2",1900-01-01,1900-01-01,NA,NA,NA,"md_measurement","scotarc"
"581",1664,"81809","DUMBARTON 4N","no2",1900-01-01,1900-01-01,NA,NA,NA,"md_measurement","scotarc"
"584",1751,"82185","DUMBARTON 5N","no2",1900-01-01,1900-01-01,NA,NA,NA,"md_measurement","scotarc"
"585",1752,"82186","DUMBARTON 6N","no2",1992-12-29,1995-11-28,NA,NA,NA,"md_measurement","scotarc"
"586",1772,"82392","DUMBARTON 7N","no2",1992-12-29,NA,NA,NA,NA,"md_measurement","scotarc"
"587",1789,"82593","DUMBARTON 8N","no2",1995-01-03,2000-11-28,NA,NA,NA,"md_measurement","scotarc"
"588",1791,"82627","DUMBARTON 9N","no2",1996-01-02,NA,NA,NA,NA,"md_measurement","scotarc"
"589",2013,"dumf","Dumfries","co",2001-07-17,2007-09-30,"roadside",55.070033,-3.614233,"measurement","scotarc"
"595",2015,"dumf","Dumfries","no2",2001-03-01,NA,"roadside",55.070033,-3.614233,"measurement","scotarc"
"612",1649,"81794","DUNDEE 1N","no2",1992-12-29,1996-12-03,NA,NA,NA,"md_measurement","scotarc"
"613",1650,"81795","DUNDEE 2N","no2",1992-12-29,1995-11-28,NA,NA,NA,"md_measurement","scotarc"
"614",1651,"81796","DUNDEE 3N","no2",1992-12-29,NA,NA,NA,NA,"md_measurement","scotarc"
"615",1652,"81797","DUNDEE 4N","no2",1900-01-01,1900-01-01,NA,NA,NA,"md_measurement","scotarc"
"616",1717,"82012","DUNDEE 5N","no2",1992-12-29,NA,NA,NA,NA,"md_measurement","scotarc"
"619",1792,"82637","DUNDEE 6N","no2",1996-01-02,2000-11-28,NA,NA,NA,"md_measurement","scotarc"
"622",1795,"82668","DUNDEE 7N","no2",1996-01-02,NA,NA,NA,NA,"md_measurement","scotarc"
"623",1847,"83627","DUNDEE 8N","no2",2001-01-02,NA,NA,NA,NA,"md_measurement","scotarc"
"628",3299,"dun4","Dundee Broughty Ferry Road","no2",2016-01-01,NA,NA,56.467332,-2.943423,"measurement","scotarc"
"630",2291,"dun4","Dundee Broughty Ferry Road","pm10",2006-01-01,NA,"urban_background",56.467332,-2.943423,"measurement","scotarc"
"638",2793,"dun6","Dundee Lochee Road","pm10",2011-04-08,NA,"urban_background",56.465126,-2.993867,"measurement","scotarc"
"643",2314,"dun6","Dundee Lochee Road","no2",2006-01-01,NA,"urban_background",56.465126,-2.993867,"measurement","scotarc"
"649",2266,"dun1","Dundee Mains Loan","pm10",2006-03-28,NA,"urban_background",56.475434,-2.959861,"measurement","scotarc"
"653",2795,"dun1","Dundee Mains Loan","no2",2011-03-29,NA,"urban_background",56.475434,-2.959861,"measurement","scotarc"
"661",2803,"dunm","Dundee Meadowside","pm10",2011-06-15,NA,"roadside",56.464258,-2.971386,"measurement","scotarc"
"662",2800,"dunm","Dundee Meadowside","no2",2011-06-15,NA,"roadside",56.464258,-2.971386,"measurement","scotarc"
"666",2299,"dun5","Dundee Seagate","no2",2006-01-01,NA,"urban_background",56.462383,-2.96739,"measurement","scotarc"
"668",2791,"dun5","Dundee Seagate","pm10",2011-05-09,NA,"urban_background",56.462383,-2.96739,"measurement","scotarc"
"677",2306,"dun3","Dundee Union Street","no2",2006-01-01,2016-01-06,"roadside",56.459167,-2.971389,"measurement","scotarc"
"680",2293,"dun3","Dundee Union Street","pm10",2006-01-01,2016-01-06,"roadside",56.459167,-2.971389,"measurement","scotarc"
"684",2302,"dun7","Dundee Whitehall Street","no2",2006-01-01,NA,"urban_background",56.45974,-2.970708,"measurement","scotarc"
"686",3304,"dun7","Dundee Whitehall Street","pm10",2016-02-10,NA,NA,56.45974,-2.970708,"measurement","scotarc"
"692",1654,"81799","DUNFERMLINE 2N","no2",1992-12-29,2000-11-28,NA,NA,NA,"md_measurement","scotarc"
"693",1734,"82085","DUNFERMLINE 5N","no2",1992-12-29,NA,NA,NA,NA,"md_measurement","scotarc"
"694",1735,"82086","DUNFERMLINE 6N","no2",1992-12-29,NA,NA,NA,NA,"md_measurement","scotarc"
"695",1736,"82087","DUNFERMLINE 7N","no2",1992-12-29,1998-12-01,NA,NA,NA,"md_measurement","scotarc"
"696",1816,"82825","DUNFERMLINE 8N","no2",1998-12-29,NA,NA,NA,NA,"md_measurement","scotarc"
"697",1830,"82976","DUNFERMLINE 9N","no2",2001-01-02,NA,NA,NA,NA,"md_measurement","scotarc"
"699",2842,"marn","E Ayrshire Kilmarnock St Marnock St","pm10",2012-02-17,NA,"roadside",55.607469,-4.497986,"measurement","scotarc"
"701",3313,"marn","E Ayrshire Kilmarnock St Marnock St","pm25",2016-08-19,NA,NA,55.607469,-4.497986,"measurement","scotarc"
"708",2834,"marn","E Ayrshire Kilmarnock St Marnock St","no2",2012-02-17,NA,"roadside",55.607469,-4.497986,"measurement","scotarc"
"709",1668,"81840","EAGLESHAM 1N","no2",1900-01-01,1900-01-01,NA,NA,NA,"md_measurement","scotarc"
"710",2599,"kilm","East Ayrshire Kilmarnock","pm10",2008-01-01,2009-06-03,"urban_background",55.616583,-4.515449,"measurement","scotarc"
"713",2593,"kilm","East Ayrshire Kilmarnock","co",2008-01-01,2009-06-03,"urban_background",55.616583,-4.515449,"measurement","scotarc"
"719",2595,"kilm","East Ayrshire Kilmarnock","no2",2008-01-01,2009-06-03,"urban_background",55.616583,-4.515449,"measurement","scotarc"
"722",2750,"fini","East Ayrshire Kilmarnock John Finnie St","pm10",2010-04-01,2012-01-22,"roadside",55.61095,-4.499021,"measurement","scotarc"
"723",2747,"fini","East Ayrshire Kilmarnock John Finnie St","no2",2010-04-01,2015-06-08,"roadside",55.61095,-4.499021,"measurement","scotarc"
"733",2643,"cumn","East Ayrshire New Cumnock","pm10",2009-01-17,2011-11-10,"urban_background",55.39595,-4.18346,"measurement","scotarc"
"737",2645,"cumn","East Ayrshire New Cumnock","no2",2009-01-17,2011-08-01,"urban_background",55.39595,-4.18346,"measurement","scotarc"
"743",2354,"edb2","East Dunbartonshire Bearsden","pm10",2005-11-01,NA,"roadside",55.919596,-4.333505,"measurement","scotarc"
"744",2351,"edb2","East Dunbartonshire Bearsden","no2",2005-12-24,NA,"roadside",55.919596,-4.333505,"measurement","scotarc"
"748",2349,"edb1","East Dunbartonshire Bishopbriggs","pm10",2003-12-04,NA,"roadside",55.904167,-4.225,"measurement","scotarc"
"750",2346,"edb1","East Dunbartonshire Bishopbriggs","no2",2003-12-04,NA,"roadside",55.904167,-4.225,"measurement","scotarc"
"762",2496,"edb3","East Dunbartonshire Kirkintilloch","no2",2007-08-03,NA,"roadside",55.935921,-4.151759,"measurement","scotarc"
"764",2819,"edb4","East Dunbartonshire Milngavie ","no2",2011-08-01,NA,NA,55.938253,-4.317753,"measurement","scotarc"
"772",2060,"ek","East Kilbride","o3",1975-05-08,1975-10-09,"suburban",55.754722,-4.173056,"measurement","scotarc"
"783",1657,"81802","EAST KILBRIDE 1N","no2",1992-12-29,NA,NA,NA,NA,"md_measurement","scotarc"
"788",1658,"81803","EAST KILBRIDE 2N","no2",1992-12-29,2000-11-28,NA,NA,NA,"md_measurement","scotarc"
"789",1659,"81804","EAST KILBRIDE 3N","no2",1992-12-29,NA,NA,NA,NA,"md_measurement","scotarc"
"790",1660,"81805","EAST KILBRIDE 4N","no2",1992-12-29,NA,NA,NA,NA,"md_measurement","scotarc"
"792",2606,"muss","East Lothian Musselburgh N High St","pm10",2008-01-01,NA,"roadside",55.944008,-3.059223,"measurement","scotarc"
"793",2732,"muss","East Lothian Musselburgh N High St","no2",2010-02-23,NA,"roadside",55.944008,-3.059223,"measurement","scotarc"
"826",1705,"81946","EDINBURGH 1N","no2",1992-12-29,1996-12-03,NA,NA,NA,"md_measurement","scotarc"
"839",1706,"81947","EDINBURGH 2N","no2",1992-12-29,1996-12-03,NA,NA,NA,"md_measurement","scotarc"
"840",1707,"81948","EDINBURGH 3N","no2",1992-12-29,NA,NA,NA,NA,"md_measurement","scotarc"
"841",1708,"81949","EDINBURGH 4N","no2",1992-12-29,NA,NA,NA,NA,"md_measurement","scotarc"
"842",1793,"82659","EDINBURGH 5N","no2",1996-01-02,NA,NA,NA,NA,"md_measurement","scotarc"
"843",1794,"82660","EDINBURGH 6N","no2",1996-01-02,2000-11-28,NA,NA,NA,"md_measurement","scotarc"
"846",1849,"83666","EDINBURGH 7N","no2",2001-01-02,NA,NA,NA,NA,"md_measurement","scotarc"
"851",2020,"ed","Edinburgh Centre","no2",1992-10-04,2003-10-13,"urban_centre",55.95197,-3.195775,"measurement","scotarc"
"853",2021,"ed","Edinburgh Centre","o3",1992-10-04,2003-10-13,"urban_centre",55.95197,-3.195775,"measurement","scotarc"
"854",2025,"ed","Edinburgh Centre","pm10",1992-10-04,2003-10-13,"urban_centre",55.95197,-3.195775,"measurement","scotarc"
"855",2018,"ed","Edinburgh Centre","co",1992-10-04,2003-10-13,"urban_centre",55.95197,-3.195775,"measurement","scotarc"
"859",3174,"ed11","Edinburgh Currie","pm10",2013-01-01,NA,"suburban",55.896909,-3.31966,"measurement","scotarc"
"863",3172,"ed11","Edinburgh Currie","no2",2013-01-01,NA,"suburban",55.896909,-3.31966,"measurement","scotarc"
"869",2866,"ed10","Edinburgh Glasgow Road","pm10",2012-09-04,NA,"roadside",55.939026,-3.392727,"measurement","scotarc"
"870",2863,"ed10","Edinburgh Glasgow Road","no2",2012-09-04,NA,"roadside",55.939026,-3.392727,"measurement","scotarc"
"877",2611,"ed5","Edinburgh Gorgie Road","no2",2005-01-01,NA,"roadside",55.937708,-3.232267,"measurement","scotarc"
"883",2468,"ed6","Edinburgh Haymarket","pm10",2007-01-01,2009-01-22,"roadside",55.945833,-3.220556,"measurement","scotarc"
"884",2465,"ed6","Edinburgh Haymarket","no2",2007-01-01,2009-01-22,"roadside",55.945833,-3.220556,"measurement","scotarc"
"914",2539,"ed7","Edinburgh Queen Street","pm10",2007-01-01,2016-07-01,"roadside",55.953837,-3.205481,"measurement","scotarc"
"915",2536,"ed7","Edinburgh Queen Street","no2",2007-01-01,2016-07-01,"roadside",55.953837,-3.205481,"measurement","scotarc"
"923",2785,"ed9","Edinburgh Queensferry Road","no2",2011-01-01,NA,"roadside",55.960497,-3.30325,"measurement","scotarc"
"932",2264,"ed4","Edinburgh Roseburn","pm10",2006-05-01,2011-08-15,"roadside",55.945833,-3.235278,"measurement","scotarc"
"934",2283,"ed4","Edinburgh Roseburn","no2",2006-05-01,2011-08-15,"roadside",55.945833,-3.235278,"measurement","scotarc"
"944",2697,"ed8","Edinburgh Salamander St","no2",2009-09-17,NA,"roadside",55.974594,-3.161455,"measurement","scotarc"
"946",2701,"ed8","Edinburgh Salamander St","pm10",2009-09-17,NA,"roadside",55.974594,-3.161455,"measurement","scotarc"
"954",2462,"ed1","Edinburgh St John's Road","no2",2007-01-01,NA,"kerbside",55.9425,-3.281111,"measurement","scotarc"
"962",2053,"ed3","Edinburgh St Leonards","no2",2003-11-24,NA,"urban_background",55.945589,-3.182186,"measurement","scotarc"
"966",2054,"ed3","Edinburgh St Leonards","o3",2003-11-24,NA,"urban_background",55.945589,-3.182186,"measurement","scotarc"
"968",2051,"ed3","Edinburgh St Leonards","co",2003-11-24,NA,"urban_background",55.945589,-3.182186,"measurement","scotarc"
"969",2541,"ed3","Edinburgh St Leonards","pm25",2008-10-01,NA,"urban_background",55.945589,-3.182186,"measurement","scotarc"
"973",2059,"ed3","Edinburgh St Leonards","pm10",2003-12-01,2007-07-09,"urban_background",55.945589,-3.182186,"measurement","scotarc"
"1094",702,"5002","Eskdalemuir","no2",1993-01-31,1995-01-02,"rural",NA,NA,"md_measurement","scotarc"
"1131",2063,"esk","Eskdalemuir","no2",2004-12-09,NA,"rural",55.31531,-3.206111,"measurement","scotarc"
"1139",2062,"esk","Eskdalemuir","o3",1986-04-23,NA,"rural",55.31531,-3.206111,"measurement","scotarc"
"1144",1753,"82190","FALKIRK 13N","no2",1992-12-29,NA,NA,NA,NA,"md_measurement","scotarc"
"1145",1754,"82191","FALKIRK 14N","no2",1992-12-29,2000-11-28,NA,NA,NA,"md_measurement","scotarc"
"1146",1689,"81928","FALKIRK 1N","no2",1900-01-01,1900-01-01,NA,NA,NA,"md_measurement","scotarc"
"1147",1690,"81929","FALKIRK 2N","no2",1900-01-01,1900-01-01,NA,NA,NA,"md_measurement","scotarc"
"1148",1691,"81930","FALKIRK 3N","no2",1992-12-29,NA,NA,NA,NA,"md_measurement","scotarc"
"1151",1692,"81931","FALKIRK 4N","no2",1992-12-29,NA,NA,NA,NA,"md_measurement","scotarc"
"1154",1901,"84199","Falkirk 5N","no2",1990-04-01,NA,"roadside",NA,NA,"md_measurement","scotarc"
"1159",1914,"84733","FALKIRK 7N","no2",1992-12-29,NA,"urban_background",NA,NA,"md_measurement","scotarc"
"1162",1915,"84734","FALKIRK 8N","no2",1992-12-29,NA,"urban_background",NA,NA,"md_measurement","scotarc"
"1166",3247,"fal7","Falkirk Banknock","pm25",2015-01-28,NA,NA,55.988456,-3.969288,"measurement","scotarc"
"1167",3170,"fal7","Falkirk Banknock","pm10",2013-01-01,NA,"roadside",55.988456,-3.969288,"measurement","scotarc"
"1170",2364,"falk","Falkirk Grangemouth MC","no2",2007-07-01,NA,"urban_background",56.018951,-3.721013,"measurement","scotarc"
"1171",2368,"falk","Falkirk Grangemouth MC","pm10",2007-07-01,NA,"urban_background",56.018951,-3.721013,"measurement","scotarc"
"1180",3168,"fal5","Falkirk Haggs","pm10",2013-01-01,NA,NA,55.991087,-3.941685,"measurement","scotarc"
"1183",2587,"fal5","Falkirk Haggs","no2",2009-01-01,NA,"roadside",55.991087,-3.941685,"measurement","scotarc"
"1192",2376,"fal3","Falkirk Hope St","no2",2007-07-01,NA,"roadside",56.001956,-3.786485,"measurement","scotarc"
"1194",2380,"fal3","Falkirk Hope St","pm10",2007-07-01,NA,"roadside",56.001956,-3.786485,"measurement","scotarc"
"1198",2374,"fal2","Falkirk Park St","pm10",2007-07-01,2014-04-28,"roadside",56.000657,-3.7831,"measurement","scotarc"
"1208",2370,"fal2","Falkirk Park St","no2",2007-07-01,2014-04-28,"roadside",56.000657,-3.7831,"measurement","scotarc"
"1212",2729,"fal6","Falkirk West Bridge Street","pm10",2009-09-16,NA,"roadside",56.000507,-3.790128,"measurement","scotarc"
"1214",2608,"fal6","Falkirk West Bridge Street","no2",2007-11-07,NA,"roadside",56.000507,-3.790128,"measurement","scotarc"
"1225",2288,"cupa","Fife Cupar","no2",2005-12-19,NA,"roadside",56.319444,-3.014167,"measurement","scotarc"
"1227",2285,"cupa","Fife Cupar","pm10",2005-12-19,2009-06-24,"roadside",56.319444,-3.014167,"measurement","scotarc"
"1232",3309,"dunf","Fife Dunfermline","pm10",2016-09-05,NA,"roadside",56.07383,-3.44862,"measurement","scotarc"
"1234",3306,"dunf","Fife Dunfermline","pm25",2016-09-05,NA,"roadside",56.07383,-3.44862,"measurement","scotarc"
"1243",2360,"dunf","Fife Dunfermline","no2",2007-08-01,NA,"roadside",56.07383,-3.44862,"measurement","scotarc"
"1246",2327,"kinc","Fife Kincardine","no2",2006-01-01,2007-05-11,"roadside",56.068611,-3.716944,"measurement","scotarc"
"1251",3292,"kir","Fife Kirkcaldy","pm25",2016-04-06,NA,NA,56.124331,-3.141347,"measurement","scotarc"
"1254",2776,"kir","Fife Kirkcaldy","no2",2011-02-08,NA,"roadside",56.124331,-3.141347,"measurement","scotarc"
"1260",3291,"kir","Fife Kirkcaldy","pm10",2016-04-06,NA,NA,56.124331,-3.141347,"measurement","scotarc"
"1264",3279,"rosy","Fife Rosyth","pm25",2015-07-20,NA,NA,56.036243,-3.417582,"measurement","scotarc"
"1265",2475,"rosy","Fife Rosyth","no2",2008-03-13,NA,"roadside",56.036243,-3.417582,"measurement","scotarc"
"1272",2477,"rosy","Fife Rosyth","pm10",2015-07-20,NA,"roadside",56.036243,-3.417582,"measurement","scotarc"
"1312",2280,"fw","Fort William","o3",2006-06-22,NA,"suburban",56.82266,-5.101102,"measurement","scotarc"
"1313",2277,"fw","Fort William","no2",2006-06-22,NA,"suburban",56.82266,-5.101102,"measurement","scotarc"
"1321",1741,"82123","GALASHIELS 1N","no2",1992-12-29,NA,NA,NA,NA,"md_measurement","scotarc"
"1322",1742,"82124","GALASHIELS 2N","no2",1992-12-29,NA,NA,NA,NA,"md_measurement","scotarc"
"1326",1738,"82093","GIFFNOCK 1N","no2",1992-12-29,NA,NA,NA,NA,"md_measurement","scotarc"
"1327",1666,"81838","GIFFNOCK 2N","no2",1992-12-29,2000-11-28,NA,NA,NA,"md_measurement","scotarc"
"1328",1833,"83590","GIFFNOCK 3N","no2",2001-01-02,NA,NA,NA,NA,"md_measurement","scotarc"
"1403",1918,"84844","Glasgow 10N","no2",2006-01-04,NA,"roadside",NA,NA,"md_measurement","scotarc"
"1404",1919,"84845","Glasgow 11N","no2",2006-01-04,NA,"roadside",NA,NA,"md_measurement","scotarc"
"1405",1920,"84846","Glasgow 12N","no2",2006-01-04,NA,"urban_background",NA,NA,"md_measurement","scotarc"
"1406",1921,"84847","Glasgow 13N","no2",2006-01-09,NA,"roadside",NA,NA,"md_measurement","scotarc"
"1407",1922,"84848","Glasgow 14N","no2",2006-01-09,NA,"roadside",NA,NA,"md_measurement","scotarc"
"1408",1923,"84849","Glasgow 15N","no2",2006-01-09,NA,"roadside",NA,NA,"md_measurement","scotarc"
"1409",1924,"84850","Glasgow 16N","no2",2006-01-09,NA,"roadside",NA,NA,"md_measurement","scotarc"
"1410",1925,"84851","Glasgow 17N","no2",2006-01-09,NA,"urban_centre",NA,NA,"md_measurement","scotarc"
"1411",1926,"84852","Glasgow 18N","no2",2006-01-09,NA,"urban_centre",NA,NA,"md_measurement","scotarc"
"1412",1927,"84853","Glasgow 19N","no2",2006-01-09,NA,"roadside",NA,NA,"md_measurement","scotarc"
"1413",1645,"81790","GLASGOW 1N","no2",1992-12-29,NA,NA,NA,NA,"md_measurement","scotarc"
"1416",1928,"84854","Glasgow 20N","no2",2006-01-09,NA,"roadside",NA,NA,"md_measurement","scotarc"
"1417",1929,"84855","Glasgow 21N","no2",2006-01-09,NA,"urban_background",NA,NA,"md_measurement","scotarc"
"1418",1930,"84856","Glasgow 22N","no2",2006-01-09,NA,"roadside",NA,NA,"md_measurement","scotarc"
"1419",1931,"84857","Glasgow 23N","no2",2006-01-09,NA,"roadside",NA,NA,"md_measurement","scotarc"
"1420",1932,"84858","Glasgow 24N","no2",2006-01-09,NA,"kerbside",NA,NA,"md_measurement","scotarc"
"1421",1933,"84859","Glasgow 25N","no2",2006-01-09,NA,"roadside",NA,NA,"md_measurement","scotarc"
"1422",1934,"84860","Glasgow 26N","no2",2006-01-09,NA,"roadside",NA,NA,"md_measurement","scotarc"
"1423",1935,"84861","Glasgow 27N","no2",2006-01-09,NA,"roadside",NA,NA,"md_measurement","scotarc"
"1424",1936,"84862","Glasgow 28N","no2",2006-01-09,NA,"urban_background",NA,NA,"md_measurement","scotarc"
"1425",1937,"84863","Glasgow 29N","no2",2006-01-09,NA,"roadside",NA,NA,"md_measurement","scotarc"
"1426",1646,"81791","GLASGOW 2N","no2",1992-12-29,2000-11-28,NA,NA,NA,"md_measurement","scotarc"
"1427",1938,"84864","Glasgow 30N","no2",2006-01-09,NA,"kerbside",NA,NA,"md_measurement","scotarc"
"1430",1939,"84865","Glasgow 31N","no2",2006-01-09,NA,"urban",NA,NA,"md_measurement","scotarc"
"1431",1940,"84866","Glasgow 32N","no2",2006-01-09,NA,"roadside",NA,NA,"md_measurement","scotarc"
"1432",1941,"84867","Glasgow 33N","no2",2006-01-09,NA,"roadside",NA,NA,"md_measurement","scotarc"
"1433",1942,"84868","Glasgow 34N","no2",2006-01-09,NA,"roadside",NA,NA,"md_measurement","scotarc"
"1434",1943,"84869","Glasgow 35N","no2",2006-01-06,NA,"urban_background",NA,NA,"md_measurement","scotarc"
"1435",1944,"84870","Glasgow 36N","no2",2006-01-04,NA,"urban_background",NA,NA,"md_measurement","scotarc"
"1436",1945,"84871","Glasgow 37N","no2",2006-01-04,NA,"urban_background",NA,NA,"md_measurement","scotarc"
"1437",1946,"84872","Glasgow 38N","no2",2006-01-04,NA,"roadside",NA,NA,"md_measurement","scotarc"
"1438",1947,"84873","Glasgow 39N","no2",2006-01-04,NA,"suburban",NA,NA,"md_measurement","scotarc"
"1439",1647,"81792","GLASGOW 3N","no2",1900-01-01,1900-01-01,NA,NA,NA,"md_measurement","scotarc"
"1440",1948,"84874","Glasgow 40N","no2",2006-01-04,NA,"suburban",NA,NA,"md_measurement","scotarc"
"1441",1949,"84875","Glasgow 41N","no2",2006-01-09,NA,"kerbside",NA,NA,"md_measurement","scotarc"
"1444",1950,"84876","Glasgow 42N","no2",2006-01-06,NA,"suburban",NA,NA,"md_measurement","scotarc"
"1445",1951,"84877","Glasgow 43N","no2",2006-01-06,NA,"roadside",NA,NA,"md_measurement","scotarc"
"1448",1952,"84878","Glasgow 44N","no2",2006-01-06,NA,"roadside",NA,NA,"md_measurement","scotarc"
"1449",1953,"84880","Glasgow 45N","no2",NA,NA,"urban_background",NA,NA,"md_measurement","scotarc"
"1450",1954,"84881","Glasgow 46N","no2",2006-01-05,NA,"roadside",NA,NA,"md_measurement","scotarc"
"1453",1955,"84882","Glasgow 47N","no2",2006-01-05,NA,"urban_background",NA,NA,"md_measurement","scotarc"
"1454",1956,"84883","Glasgow 48N","no2",2006-01-06,NA,"roadside",NA,NA,"md_measurement","scotarc"
"1455",1957,"84884","Glasgow 49N","no2",2006-01-06,NA,"roadside",NA,NA,"md_measurement","scotarc"
"1456",1648,"81793","GLASGOW 4N","no2",1992-12-29,NA,NA,NA,NA,"md_measurement","scotarc"
"1459",1958,"84885","Glasgow 50N","no2",2006-01-06,NA,"roadside",NA,NA,"md_measurement","scotarc"
"1462",1959,"84886","Glasgow 51N","no2",2006-01-05,NA,"kerbside",NA,NA,"md_measurement","scotarc"
"1465",1960,"84887","Glasgow 52N","no2",2006-01-05,NA,"urban_background",NA,NA,"md_measurement","scotarc"
"1466",1961,"84888","Glasgow 53N","no2",2006-01-05,NA,"urban_background",NA,NA,"md_measurement","scotarc"
"1467",1962,"84889","Glasgow 54N","no2",2006-01-05,NA,"urban_background",NA,NA,"md_measurement","scotarc"
"1468",1963,"84890","Glasgow 55N","no2",2006-01-05,NA,"kerbside",NA,NA,"md_measurement","scotarc"
"1469",1964,"84891","Glasgow 56N","no2",2006-01-04,NA,"urban_background",NA,NA,"md_measurement","scotarc"
"1470",1965,"84892","Glasgow 57N","no2",2006-01-06,NA,"roadside",NA,NA,"md_measurement","scotarc"
"1473",1966,"84893","Glasgow 58N","no2",2006-01-05,NA,"kerbside",NA,NA,"md_measurement","scotarc"
"1476",1967,"84894","Glasgow 59N","no2",2006-01-06,NA,"roadside",NA,NA,"md_measurement","scotarc"
"1477",1755,"82193","GLASGOW 5N","no2",1992-12-29,NA,NA,NA,NA,"md_measurement","scotarc"
"1480",1968,"84895","Glasgow 60N","no2",2006-01-06,NA,"roadside",NA,NA,"md_measurement","scotarc"
"1483",1969,"84896","Glasgow 61N","no2",2006-01-06,NA,"roadside",NA,NA,"md_measurement","scotarc"
"1486",1970,"84897","Glasgow 62N","no2",2006-01-06,NA,"roadside",NA,NA,"md_measurement","scotarc"
"1489",1971,"84898","Glasgow 63N","no2",2006-01-05,NA,"roadside",NA,NA,"md_measurement","scotarc"
"1492",1972,"84899","Glasgow 64N","no2",2006-01-05,NA,"roadside",NA,NA,"md_measurement","scotarc"
"1495",1973,"84900","Glasgow 65N","no2",2006-01-05,NA,"roadside",NA,NA,"md_measurement","scotarc"
"1498",1974,"84901","Glasgow 66N","no2",2006-01-04,NA,"urban_background",NA,NA,"md_measurement","scotarc"
"1501",1975,"84902","Glasgow 67N","no2",2006-01-09,NA,"urban_background",NA,NA,"md_measurement","scotarc"
"1504",1976,"84903","Glasgow 68N","no2",2006-01-05,NA,"roadside",NA,NA,"md_measurement","scotarc"
"1507",1977,"84904","Glasgow 69N","no2",2006-01-05,NA,"roadside",NA,NA,"md_measurement","scotarc"
"1508",1848,"83643","GLASGOW 6N","no2",2001-01-02,NA,NA,NA,NA,"md_measurement","scotarc"
"1511",1978,"84905","Glasgow 70N","no2",2006-01-04,NA,"urban_background",NA,NA,"md_measurement","scotarc"
"1512",1979,"84906","Glasgow 71N","no2",2006-01-05,NA,"suburban",NA,NA,"md_measurement","scotarc"
"1515",1980,"84907","Glasgow 72N","no2",2006-01-04,NA,"urban_background",NA,NA,"md_measurement","scotarc"
"1518",1981,"84908","Glasgow 73N","no2",2006-01-04,NA,"urban",NA,NA,"md_measurement","scotarc"
"1521",1982,"84909","Glasgow 74N","no2",2006-01-06,NA,"urban_background",NA,NA,"md_measurement","scotarc"
"1522",1983,"84910","Glasgow 75N","no2",2006-01-04,NA,"urban_background",NA,NA,"md_measurement","scotarc"
"1523",1984,"84911","Glasgow 76N","no2",2006-01-04,NA,"urban_background",NA,NA,"md_measurement","scotarc"
"1524",1985,"84912","Glasgow 77N","no2",2006-01-06,NA,"roadside",NA,NA,"md_measurement","scotarc"
"1525",1986,"84913","Glasgow 78N","no2",2006-01-04,NA,"roadside",NA,NA,"md_measurement","scotarc"
"1528",1913,"84732","Glasgow 7N","no2",2006-01-04,NA,"urban",NA,NA,"md_measurement","scotarc"
"1535",1916,"84842","Glasgow 8N","no2",2006-01-04,NA,"urban_background",NA,NA,"md_measurement","scotarc"
"1552",1917,"84843","Glasgow 9N","no2",2006-01-04,NA,"roadside",NA,NA,"md_measurement","scotarc"
"1562",2219,"gla5","Glasgow Anderston","co",2005-01-01,2014-12-31,"urban_background",55.861667,-4.271389,"measurement","scotarc"
"1570",2224,"gla5","Glasgow Anderston","pm10",2005-01-01,2011-03-14,"urban_background",55.861667,-4.271389,"measurement","scotarc"
"1573",2221,"gla5","Glasgow Anderston","no2",2005-01-01,NA,"urban_background",55.861667,-4.271389,"measurement","scotarc"
"1576",2229,"gla8","Glasgow Battlefield Road","pm10",2005-06-02,2012-02-20,"roadside",55.824852,-4.261541,"measurement","scotarc"
"1577",2226,"gla8","Glasgow Battlefield Road","no2",2005-06-02,2012-02-20,"roadside",55.824852,-4.261541,"measurement","scotarc"
"1596",2811,"gl6","Glasgow Burgher St.","no2",2011-07-28,NA,NA,55.851071,-4.19714,"measurement","scotarc"
"1600",2215,"gla6","Glasgow Byres Road","pm10",2005-01-01,2011-06-24,"roadside",55.874167,-4.294722,"measurement","scotarc"
"1602",2212,"gla6","Glasgow Byres Road","no2",2005-01-01,NA,"roadside",55.874167,-4.294722,"measurement","scotarc"
"1609",2210,"gla6","Glasgow Byres Road","co",2005-01-01,2013-08-22,"roadside",55.874167,-4.294722,"measurement","scotarc"
"1612",2115,"gla3","Glasgow Centre","o3",1996-07-26,2012-08-16,"urban_centre",55.85773,-4.255161,"measurement","scotarc"
"1615",2119,"gla3","Glasgow Centre","pm10",1996-07-26,2008-12-02,"urban_centre",55.85773,-4.255161,"measurement","scotarc"
"1616",2112,"gla3","Glasgow Centre","co",1996-07-26,2012-08-16,"urban_centre",55.85773,-4.255161,"measurement","scotarc"
"1617",2568,"gla3","Glasgow Centre","pm25",2008-12-02,2012-08-16,"urban_centre",55.85773,-4.255161,"measurement","scotarc"
"1627",2114,"gla3","Glasgow Centre","no2",1996-07-26,2012-08-16,"urban_centre",55.85773,-4.255161,"measurement","scotarc"
"1631",2067,"gla","Glasgow City Chambers","no2",1987-01-06,2011-03-16,"urban_background",55.860414,-4.245959,"measurement","scotarc"
"1633",2065,"gla","Glasgow City Chambers","co",1989-07-28,2007-09-30,"urban_background",55.860414,-4.245959,"measurement","scotarc"
"1639",2844,"gl9","Glasgow Dumbarton Road","pm10",2012-05-01,NA,"roadside",55.870766,-4.318448,"measurement","scotarc"
"1642",2838,"gl9","Glasgow Dumbarton Road","no2",2012-05-01,NA,"roadside",55.870766,-4.318448,"measurement","scotarc"
"1647",3222,"ggwr","Glasgow Great Western Road","no2",2014-06-05,NA,NA,55.872038,-4.270936,"measurement","scotarc"
"1653",3238,"ghsr","Glasgow High Street","no2",2015-01-27,NA,"roadside",55.860936,-4.238214,"measurement","scotarc"
"1659",3243,"ghsr","Glasgow High Street","pm25",2015-01-27,NA,"roadside",55.860936,-4.238214,"measurement","scotarc"
"1660",3240,"ghsr","Glasgow High Street","pm10",2015-01-27,NA,"roadside",55.860936,-4.238214,"measurement","scotarc"
"1664",2134,"glas","Glasgow Hope St","no2",1979-08-28,1982-10-21,"kerbside",55.858333,-4.257778,"measurement","scotarc"
"1666",2132,"glas","Glasgow Hope St","co",1973-06-27,1982-10-28,"kerbside",55.858333,-4.257778,"measurement","scotarc"
"1670",2122,"gla4","Glasgow Kerbside","no2",1997-03-10,NA,"kerbside",55.85917,-4.258889,"measurement","scotarc"
"1677",2679,"gla4","Glasgow Kerbside","pm25",2009-05-28,2014-12-31,"kerbside",55.85917,-4.258889,"measurement","scotarc"
"1678",2120,"gla4","Glasgow Kerbside","co",1997-03-10,2007-09-30,"kerbside",55.85917,-4.258889,"measurement","scotarc"
"1679",2131,"gla4","Glasgow Kerbside","pm10",1997-03-10,2009-05-28,"kerbside",55.85917,-4.258889,"measurement","scotarc"
"1697",3193,"glkp","Glasgow Townhead","o3",2013-10-07,NA,NA,55.865782,-4.243631,"measurement","scotarc"
"1699",3197,"glkp","Glasgow Townhead","pm25",2013-10-07,NA,NA,55.865782,-4.243631,"measurement","scotarc"
"1704",3191,"glkp","Glasgow Townhead","no2",2013-10-07,NA,NA,55.865782,-4.243631,"measurement","scotarc"
"1714",2234,"gla7","Glasgow Waulkmillglen Reservoir","pm10",2005-01-01,NA,"rural",55.79412,-4.354968,"measurement","scotarc"
"1715",2231,"gla7","Glasgow Waulkmillglen Reservoir","no2",2005-01-01,NA,"rural",55.79412,-4.354968,"measurement","scotarc"
"1717",2235,"gla7","Glasgow Waulkmillglen Reservoir","o3",2005-01-01,NA,"rural",55.79412,-4.354968,"measurement","scotarc"
"1771",872,"5011","Glen Dye","no2",1993-02-01,1995-01-02,"rural",NA,NA,"md_measurement","scotarc"
"1791",1764,"82291","GOLSPIE 1N","no2",1900-01-01,1900-01-01,NA,NA,NA,"md_measurement","scotarc"
"1792",1766,"82293","GOLSPIE 2N","no2",1900-01-01,1900-01-01,NA,NA,NA,"md_measurement","scotarc"
"1819",2137,"gran","Grangemouth","co",2003-01-17,2007-09-30,"urban_industrial",56.010319,-3.704399,"measurement","scotarc"
"1821",2565,"gran","Grangemouth","pm25",2008-12-03,NA,"urban_industrial",56.010319,-3.704399,"measurement","scotarc"
"1822",2145,"gran","Grangemouth","pm10",2001-01-01,2009-04-16,"urban_industrial",56.010319,-3.704399,"measurement","scotarc"
"1828",2139,"gran","Grangemouth","no2",2001-01-01,NA,"urban_industrial",56.010319,-3.704399,"measurement","scotarc"
"1849",2683,"gra2","Grangemouth Moray","no2",2009-06-01,NA,"urban_background",56.013142,-3.710833,"measurement","scotarc"
"1852",2687,"gra2","Grangemouth Moray","pm10",2007-01-01,2011-10-04,"urban_background",56.013142,-3.710833,"measurement","scotarc"
"1856",1747,"82165","GREENOCK 1N","no2",1900-01-01,1900-01-01,NA,NA,NA,"md_measurement","scotarc"
"1859",1748,"82166","GREENOCK 2N","no2",1992-12-29,2000-11-28,NA,NA,NA,"md_measurement","scotarc"
"1862",1749,"82167","GREENOCK 3N","no2",1992-12-29,NA,NA,NA,NA,"md_measurement","scotarc"
"1865",1750,"82168","GREENOCK 4N","no2",1900-01-01,1900-01-01,NA,NA,NA,"md_measurement","scotarc"
"1866",1761,"82253","GREENOCK 5N","no2",1992-12-29,NA,NA,NA,NA,"md_measurement","scotarc"
"1867",1777,"82462","GREENOCK 6N","no2",1992-12-29,NA,NA,NA,NA,"md_measurement","scotarc"
"1868",1834,"83591","GREENOCK 7N","no2",2001-01-02,NA,NA,NA,NA,"md_measurement","scotarc"
"1877",1712,"81961","HADDINGTON 4N","no2",1900-01-01,1900-01-01,NA,NA,NA,"md_measurement","scotarc"
"1878",1716,"82007","HADDINGTON 5N","no2",1992-12-29,NA,NA,NA,NA,"md_measurement","scotarc"
"1881",1693,"81932","HAMILTON 1N","no2",1992-12-29,NA,NA,NA,NA,"md_measurement","scotarc"
"1884",1694,"81933","HAMILTON 2N","no2",1900-01-01,1900-01-01,NA,NA,NA,"md_measurement","scotarc"
"1891",1720,"82034","HAMILTON 5N","no2",1992-12-29,2000-11-28,NA,NA,NA,"md_measurement","scotarc"
"1892",1721,"82035","HAMILTON 6N","no2",1992-12-29,NA,NA,NA,NA,"md_measurement","scotarc"
"1893",1722,"82036","HAMILTON 7N","no2",1992-12-29,2000-11-28,NA,NA,NA,"md_measurement","scotarc"
"1894",1884,"84168","Harthill 1N","no2",2006-01-01,NA,"urban_background",NA,NA,"md_measurement","scotarc"
"1895",1890,"84174","Harthill 2N","no2",2006-01-01,NA,"urban_background",NA,NA,"md_measurement","scotarc"
"1902",1818,"82882","HAWICK 1N","no2",2000-01-04,2000-11-28,NA,NA,NA,"md_measurement","scotarc"
"1903",1819,"82883","HAWICK 2N","no2",2000-01-04,NA,NA,NA,NA,"md_measurement","scotarc"
"1904",1820,"82884","HAWICK 3N","no2",2000-01-04,NA,NA,NA,NA,"md_measurement","scotarc"
"1905",1821,"82885","HAWICK 4N","no2",2000-01-04,NA,NA,NA,NA,"md_measurement","scotarc"
"1906",1822,"82886","HAWICK 5N","no2",2000-01-04,NA,NA,NA,NA,"md_measurement","scotarc"
"1907",1846,"83617","HAWICK 6N","no2",2000-01-04,NA,NA,NA,NA,"md_measurement","scotarc"
"1939",3206,"inc2","Inverclyde Greenock A8","no2",2014-03-18,NA,"roadside",55.944079,-4.734421,"measurement","scotarc"
"1941",3295,"inc2","Inverclyde Greenock A8","pm25",2016-03-23,NA,NA,55.944079,-4.734421,"measurement","scotarc"
"1949",3209,"inc2","Inverclyde Greenock A8","pm10",2014-03-18,NA,"roadside",55.944079,-4.734421,"measurement","scotarc"
"1953",2758,"inc1","Inverclyde Greenock Dunlop Street","no2",2010-04-09,2013-12-07,"roadside",55.94122,-4.784771,"measurement","scotarc"
"1954",2773,"inc1","Inverclyde Greenock Dunlop Street","pm10",2010-04-09,2013-12-07,"roadside",55.94122,-4.784771,"measurement","scotarc"
"1983",2356,"inv2","Inverness","pm10",2007-05-01,2007-12-02,"roadside",57.481308,-4.241451,"measurement","scotarc"
"1985",2148,"inv2","Inverness","no2",2001-07-17,NA,"roadside",57.481308,-4.241451,"measurement","scotarc"
"1992",2146,"inv2","Inverness","co",2001-07-17,2007-09-30,"roadside",57.481308,-4.241451,"measurement","scotarc"
"1997",1902,"84223","INVERURIE 1N","no2",1994-01-01,NA,"roadside",NA,NA,"md_measurement","scotarc"
"1998",1903,"84224","INVERURIE 2N","no2",2002-01-01,NA,"urban_background",NA,NA,"md_measurement","scotarc"
"1999",1904,"84225","INVERURIE 3N","no2",1994-01-01,NA,"urban_background",NA,NA,"md_measurement","scotarc"
"2000",1905,"84226","INVERURIE 4N","no2",1994-01-01,NA,"urban_background",NA,NA,"md_measurement","scotarc"
"2003",1812,"82782","IRVINE 1N","no2",1998-12-29,NA,NA,NA,NA,"md_measurement","scotarc"
"2004",1813,"82783","IRVINE 2N","no2",1998-12-29,2000-11-28,NA,NA,NA,"md_measurement","scotarc"
"2005",1814,"82784","IRVINE 3N","no2",1998-12-29,NA,NA,NA,NA,"md_measurement","scotarc"
"2006",1815,"82785","IRVINE 4N","no2",1998-12-29,NA,NA,NA,NA,"md_measurement","scotarc"
"2007",1852,"83671","IRVINE 5N","no2",2001-01-02,NA,NA,NA,NA,"md_measurement","scotarc"
"2008",1824,"82888","KELSO 1N","no2",2000-01-04,NA,NA,NA,NA,"md_measurement","scotarc"
"2009",1825,"82889","KELSO 2N","no2",2000-01-04,NA,NA,NA,NA,"md_measurement","scotarc"
"2024",1653,"81798","KINCARDINE 1N","no2",1900-01-01,1900-01-01,NA,NA,NA,"md_measurement","scotarc"
"2033",1765,"82292","KINLOCHBERVIE 1N","no2",1900-01-01,1900-01-01,NA,NA,NA,"md_measurement","scotarc"
"2034",1767,"82294","KINLOCHBERVIE 2N","no2",1900-01-01,1900-01-01,NA,NA,NA,"md_measurement","scotarc"
"2088",1859,"83842","Kirkintilloch 15N","no2",2003-12-05,NA,"roadside",NA,NA,"md_measurement","scotarc"
"2089",1860,"83843","Kirkintilloch 16N","no2",2005-06-29,NA,"roadside",NA,NA,"md_measurement","scotarc"
"2112",1770,"82350","LAIRG 1N","no2",1900-01-01,1900-01-01,NA,NA,NA,"md_measurement","scotarc"
"2113",1633,"81552","LANARK 1N","no2",1992-12-29,NA,NA,NA,NA,"md_measurement","scotarc"
"2114",1634,"81553","LANARK 2N","no2",1992-12-29,2000-11-28,NA,NA,NA,"md_measurement","scotarc"
"2115",1635,"81554","LANARK 3N","no2",1900-01-01,1900-01-01,NA,NA,NA,"md_measurement","scotarc"
"2116",1636,"81555","LANARK 4N","no2",1900-01-01,1900-01-01,NA,NA,NA,"md_measurement","scotarc"
"2117",1713,"82002","LANARK 5N","no2",1992-12-29,NA,NA,NA,NA,"md_measurement","scotarc"
"2118",1714,"82003","LANARK 6N","no2",1992-12-29,NA,NA,NA,NA,"md_measurement","scotarc"
"2133",1696,"81935","LARKHALL 4N","no2",1900-01-01,1900-01-01,NA,NA,NA,"md_measurement","scotarc"
"2142",2194,"lerw","Lerwick","o3",2005-05-25,NA,"rural",60.13922,-1.185319,"measurement","scotarc"
"2147",2868,"lerw","Lerwick","no2",2012-10-16,NA,"rural",60.13922,-1.185319,"measurement","scotarc"
"2170",2676,"ler3","Lerwick Staney Hill","no2",2008-07-01,2011-12-31,"urban_background",60.163067,-1.162889,"measurement","scotarc"
"2175",1851,"83669","LINLITHGOW 6N","no2",2001-01-02,NA,NA,NA,NA,"md_measurement","scotarc"
"2180",1627,"81019","LIVINGSTON 3N","no2",1992-12-29,NA,NA,NA,NA,"md_measurement","scotarc"
"2255",1118,"5107","Loch Dee","no2",1993-02-02,1995-01-04,NA,NA,NA,"md_measurement","scotarc"
"2331",1656,"81801","LOCHGELLY 4N","no2",1900-01-01,1900-01-01,NA,NA,NA,"md_measurement","scotarc"
"2394",1823,"82887","MELROSE 1N","no2",2000-01-04,NA,NA,NA,NA,"md_measurement","scotarc"
"2399",2564,"mid2","Midlothian Dalkeith","pm10",2008-01-01,2011-07-07,"roadside",55.894214,-3.070358,"measurement","scotarc"
"2400",2561,"mid2","Midlothian Dalkeith","no2",2008-01-01,2011-07-07,"roadside",55.894214,-3.070358,"measurement","scotarc"
"2409",2582,"mid1","Midlothian Pathhead","pm10",2008-01-01,2013-07-09,"kerbside",55.867441,-2.967367,"measurement","scotarc"
"2418",1868,"83851","Milngavie 4N","no2",2005-06-29,NA,"roadside",NA,NA,"md_measurement","scotarc"
"2419",1869,"83852","Milngavie 5N","no2",2005-06-29,NA,"roadside",NA,NA,"md_measurement","scotarc"
"2420",1870,"83853","Milngavie 6N","no2",2005-06-29,NA,"roadside",NA,NA,"md_measurement","scotarc"
"2421",1912,"84233","MINTLAW 1N","no2",2004-01-01,NA,"roadside",NA,NA,"md_measurement","scotarc"
"2447",1877,"84161","Motherwell 10N","no2",2006-01-01,NA,"urban_background",NA,NA,"md_measurement","scotarc"
"2450",1888,"84172","Motherwell 11N","no2",2006-01-01,NA,"roadside",NA,NA,"md_measurement","scotarc"
"2453",1891,"84175","Motherwell 12N","no2",2006-01-01,NA,"urban_background",NA,NA,"md_measurement","scotarc"
"2454",1892,"84176","Motherwell 13N","no2",2006-01-01,NA,"roadside",NA,NA,"md_measurement","scotarc"
"2457",1893,"84177","Motherwell 14N","no2",2006-01-01,NA,"roadside",NA,NA,"md_measurement","scotarc"
"2460",1899,"84183","Motherwell 15N","no2",2006-01-01,NA,"roadside",NA,NA,"md_measurement","scotarc"
"2465",1677,"81904","MOTHERWELL 1N","no2",1992-12-29,2000-11-28,NA,NA,NA,"md_measurement","scotarc"
"2466",1678,"81905","MOTHERWELL 2N","no2",1992-12-29,2000-11-28,NA,NA,NA,"md_measurement","scotarc"
"2467",1875,"84159","Motherwell 3N","no2",2006-01-01,NA,"roadside",NA,NA,"md_measurement","scotarc"
"2468",1679,"81906","MOTHERWELL 3N","no2",1900-01-01,1900-01-01,NA,NA,NA,"md_measurement","scotarc"
"2469",1876,"84160","Motherwell 4N","no2",2006-01-01,NA,"urban_background",NA,NA,"md_measurement","scotarc"
"2472",1723,"82041","MOTHERWELL 5N","no2",1992-12-29,1997-12-02,NA,NA,NA,"md_measurement","scotarc"
"2473",1724,"82042","MOTHERWELL 6N","no2",1992-12-29,NA,NA,NA,NA,"md_measurement","scotarc"
"2476",1810,"82770","MOTHERWELL 7N","no2",2000-01-04,NA,NA,NA,NA,"md_measurement","scotarc"
"2477",1844,"83601","MOTHERWELL 8N","no2",1900-01-01,1900-01-01,NA,NA,NA,"md_measurement","scotarc"
"2480",1845,"83602","MOTHERWELL 9N","no2",2001-01-02,NA,NA,NA,NA,"md_measurement","scotarc"
"2481",1709,"81958","MUSSELBURGH 1N","no2",1992-12-29,NA,NA,NA,NA,"md_measurement","scotarc"
"2482",1710,"81959","MUSSELBURGH 2N","no2",1992-12-29,2000-11-28,NA,NA,NA,"md_measurement","scotarc"
"2483",1711,"81960","MUSSELBURGH 3N","no2",1900-01-01,1900-01-01,NA,NA,NA,"md_measurement","scotarc"
"2484",1715,"82006","MUSSELBURGH 4N","no2",1992-12-29,1997-12-02,NA,NA,NA,"md_measurement","scotarc"
"2514",2398,"nl3","N Lanarkshire Chapelhall","pm10",2007-10-01,NA,"roadside",55.84581,-3.947346,"measurement","scotarc"
"2519",2396,"nl3","N Lanarkshire Chapelhall","no2",2007-10-01,NA,"roadside",55.84581,-3.947346,"measurement","scotarc"
"2525",2393,"nl2","N Lanarkshire Coatbridge Ellis St","no2",2007-10-01,2008-12-17,"roadside",55.861944,-4.029444,"measurement","scotarc"
"2527",2423,"nl1","N Lanarkshire Coatbridge Whifflet","no2",2007-10-01,2010-07-06,"urban_background",55.851944,-4.019444,"measurement","scotarc"
"2533",2425,"nl1","N Lanarkshire Coatbridge Whifflet","pm10",2007-10-01,NA,"urban_background",55.851944,-4.019444,"measurement","scotarc"
"2539",2405,"nl4","N Lanarkshire Croy","no2",2007-10-01,NA,"roadside",55.957778,-4.039444,"measurement","scotarc"
"2545",2407,"nl4","N Lanarkshire Croy","pm10",2007-10-01,NA,"roadside",55.957778,-4.039444,"measurement","scotarc"
"2548",2774,"nl4","N Lanarkshire Croy","co",2010-05-26,NA,"roadside",55.957778,-4.039444,"measurement","scotarc"
"2553",2417,"nl5","N Lanarkshire Harthill","pm10",2007-10-01,2009-01-20,"roadside",55.855833,-3.79,"measurement","scotarc"
"2554",2410,"nl5","N Lanarkshire Harthill","co",2007-10-01,2009-01-20,"roadside",55.855833,-3.79,"measurement","scotarc"
"2558",2415,"nl5","N Lanarkshire Harthill","no2",2007-10-01,2009-01-20,"roadside",55.855833,-3.79,"measurement","scotarc"
"2561",2718,"nl8","N Lanarkshire Harthill West","co",2009-04-04,2010-05-24,"urban_background",55.854852,-3.79918,"measurement","scotarc"
"2567",2720,"nl8","N Lanarkshire Harthill West","no2",2009-04-04,2010-05-24,"urban_background",55.854852,-3.79918,"measurement","scotarc"
"2568",2724,"nl8","N Lanarkshire Harthill West","pm10",2009-04-04,2010-05-24,"urban_background",55.854852,-3.79918,"measurement","scotarc"
"2570",2674,"nl9","N Lanarkshire Moodiesburn","pm10",2008-10-08,NA,"roadside",55.908941,-4.082339,"measurement","scotarc"
"2571",2671,"nl9","N Lanarkshire Moodiesburn","no2",2008-10-08,NA,"roadside",55.908941,-4.082339,"measurement","scotarc"
"2579",2494,"nl6","N Lanarkshire Motherwell","pm10",2007-01-31,NA,"roadside",55.788333,-3.986389,"measurement","scotarc"
"2584",2650,"nl7","N Lanarkshire Shawhead Coatbridge","no2",2009-05-01,NA,"roadside",55.843523,-4.023222,"measurement","scotarc"
"2589",2648,"nl7","N Lanarkshire Shawhead Coatbridge","pm10",2009-06-16,NA,"roadside",55.843523,-4.023222,"measurement","scotarc"
"2590",1737,"82092","NEWTON MEARNS 1N","no2",1992-12-29,NA,NA,NA,NA,"md_measurement","scotarc"
"2592",2631,"irv","North Ayrshire Irvine High St","pm10",2009-02-12,NA,"kerbside",55.614578,-4.666786,"measurement","scotarc"
"2598",2633,"irv","North Ayrshire Irvine High St","no2",2009-02-12,NA,"kerbside",55.614578,-4.666786,"measurement","scotarc"
"2601",3275,"irv","North Ayrshire Irvine High St","pm25",2015-04-16,NA,"kerbside",55.614578,-4.666786,"measurement","scotarc"
"2606",2805,"nl10","North Lanarkshire Cumbernauld","no2",2011-01-01,2014-05-01,NA,55.943042,-4.016172,"measurement","scotarc"
"2607",2809,"nl10","North Lanarkshire Cumbernauld","pm10",2011-01-01,2014-05-01,NA,55.943042,-4.016172,"measurement","scotarc"
"2614",3216,"nl11","North Lanarkshire Kirkshaw","no2",2014-06-28,NA,NA,55.843583,-4.037413,"measurement","scotarc"
"2615",3220,"nl11","North Lanarkshire Kirkshaw","pm10",2014-06-28,NA,NA,55.843583,-4.037413,"measurement","scotarc"
"2621",2217,"ork","Orkney","no2",1995-03-15,1995-05-16,NA,NA,NA,"measurement","scotarc"
"2626",1889,"84173","Overtown 1N","no2",2006-01-01,NA,"roadside",NA,NA,"md_measurement","scotarc"
"2627",1685,"81920","PAISLEY 1N","no2",1992-12-29,1994-11-29,NA,NA,NA,"md_measurement","scotarc"
"2628",1686,"81921","PAISLEY 2N","no2",1992-12-29,2000-11-28,NA,NA,NA,"md_measurement","scotarc"
"2629",1739,"82111","PAISLEY 3N","no2",1992-12-29,NA,NA,NA,NA,"md_measurement","scotarc"
"2630",1740,"82112","PAISLEY 4N","no2",1992-12-29,1994-11-29,NA,NA,NA,"md_measurement","scotarc"
"2633",1780,"82535","PAISLEY 5N","no2",1994-01-04,1998-12-01,NA,NA,NA,"md_measurement","scotarc"
"2634",1781,"82536","PAISLEY 6N","no2",1994-01-04,NA,NA,NA,NA,"md_measurement","scotarc"
"2637",1811,"82773","PAISLEY 7N","no2",1998-12-29,NA,NA,NA,NA,"md_measurement","scotarc"
"2640",1831,"82977","PAISLEY 8N","no2",2001-01-02,NA,NA,NA,NA,"md_measurement","scotarc"
"2644",2459,"pais","Paisley Central Road","no2",2004-05-01,2014-08-22,"roadside",55.846944,-4.422222,"measurement","scotarc"
"2647",2546,"pai2","Paisley Glasgow Airport","no2",2004-05-01,2015-07-15,"airport",55.868025,-4.425942,"measurement","scotarc"
"2659",2554,"pai3","Paisley Gordon Street","pm10",2006-01-01,2007-12-31,"roadside",55.841836,-4.423958,"measurement","scotarc"
"2664",2552,"pai3","Paisley Gordon Street","no2",2004-05-01,NA,"roadside",55.841836,-4.423958,"measurement","scotarc"
"2675",2715,"peeb","Peebles","no2",2009-11-06,NA,"suburban",55.657472,-3.196527,"measurement","scotarc"
"2677",2716,"peeb","Peebles","o3",2009-11-06,NA,"suburban",55.657472,-3.196527,"measurement","scotarc"
"2680",1743,"82125","PEEBLES 1N","no2",1900-01-01,1900-01-01,NA,NA,NA,"md_measurement","scotarc"
"2681",1744,"82126","PEEBLES 2N","no2",1900-01-01,1900-01-01,NA,NA,NA,"md_measurement","scotarc"
"2682",1768,"82303","PEEBLES 5N","no2",1992-12-29,NA,NA,NA,NA,"md_measurement","scotarc"
"2683",1769,"82304","PEEBLES 6N","no2",1992-12-29,NA,NA,NA,NA,"md_measurement","scotarc"
"2686",1702,"81943","PENICUIK 1N","no2",1900-01-01,1900-01-01,NA,NA,NA,"md_measurement","scotarc"
"2687",1704,"81945","PENICUIK 2N","no2",1992-12-29,NA,NA,NA,NA,"md_measurement","scotarc"
"2688",1842,"83599","PENICUIK 3N","no2",2001-01-02,NA,NA,NA,NA,"md_measurement","scotarc"
"2691",1673,"81892","PERTH 1N","no2",1992-12-29,NA,NA,NA,NA,"md_measurement","scotarc"
"2692",1674,"81893","PERTH 2N","no2",1900-01-01,1900-01-01,NA,NA,NA,"md_measurement","scotarc"
"2693",1675,"81894","PERTH 3N","no2",1992-12-29,2005-12-31,NA,NA,NA,"md_measurement","scotarc"
"2694",1676,"81895","PERTH 4N","no2",1900-01-01,1900-01-01,NA,NA,NA,"md_measurement","scotarc"
"2695",1759,"82225","PERTH 5N","no2",1992-12-29,2000-11-28,NA,NA,NA,"md_measurement","scotarc"
"2696",1760,"82226","PERTH 6N","no2",1992-12-29,2005-12-31,NA,NA,NA,"md_measurement","scotarc"
"2697",1840,"83597","PERTH 7N","no2",2001-01-02,2005-12-31,NA,NA,NA,"md_measurement","scotarc"
"2700",2208,"pet2","Perth Atholl Street","pm10",2004-08-01,NA,"roadside",56.399327,-3.434182,"measurement","scotarc"
"2701",2201,"pet2","Perth Atholl Street","no2",2004-08-01,NA,"roadside",56.399327,-3.434182,"measurement","scotarc"
"2707",2739,"pet1","Perth Crieff","pm10",2010-04-01,NA,"roadside",56.373126,-3.841475,"measurement","scotarc"
"2708",2736,"pet1","Perth Crieff","no2",2010-04-01,NA,"roadside",56.373126,-3.841475,"measurement","scotarc"
"2717",2205,"peth","Perth High Street","no2",2003-06-11,NA,"roadside",56.396597,-3.4324,"measurement","scotarc"
"2719",2209,"peth","Perth High Street","pm10",2003-06-11,NA,"roadside",56.396597,-3.4324,"measurement","scotarc"
"2732",1908,"84229","PETERHEAD 1N","no2",2004-01-01,NA,"roadside",NA,NA,"md_measurement","scotarc"
"2737",1909,"84230","PETERHEAD 2N","no2",2004-01-01,NA,"roadside",NA,NA,"md_measurement","scotarc"
"2742",1910,"84231","PETERHEAD 3N","no2",2004-01-01,NA,"roadside",NA,NA,"md_measurement","scotarc"
"2745",1911,"84232","PETERHEAD 4N","no2",2004-01-01,NA,"roadside",NA,NA,"md_measurement","scotarc"
"2750",1391,"5151","Polloch","no2",1993-02-01,1995-01-02,NA,NA,NA,"md_measurement","scotarc"
"2786",1687,"81922","RENFREW 1N","no2",1900-01-01,1900-01-01,NA,NA,NA,"md_measurement","scotarc"
"2790",3227,"ren1","Renfrew Cockels Loan","pm10",2013-09-26,2014-06-03,"roadside",55.863313,-4.390978,"measurement","scotarc"
"2793",3225,"ren1","Renfrew Cockels Loan","no2",2013-09-26,NA,"roadside",55.863313,-4.390978,"measurement","scotarc"
"2808",963,"5103","River Mharcaidh","no2",1993-01-31,1994-12-29,NA,NA,NA,"md_measurement","scotarc"
"2829",1655,"81800","ROSYTH 3N","no2",1900-01-01,1900-01-01,NA,NA,NA,"md_measurement","scotarc"
"2830",1882,"84166","Salsburgh 1N","no2",2006-01-01,NA,"urban_background",NA,NA,"md_measurement","scotarc"
"2831",1883,"84167","Salsburgh 2N","no2",2006-01-01,NA,"urban_background",NA,NA,"md_measurement","scotarc"
"2834",1756,"82220","SELKIRK 1N","no2",1900-01-01,1900-01-01,NA,NA,NA,"md_measurement","scotarc"
"2847",2854,"harb","South Ayrshire Ayr Harbour","no2",2012-05-05,NA,"roadside",55.470162,-4.633681,"measurement","scotarc"
"2852",2506,"ayr","South Ayrshire Ayr High St","no2",2007-09-11,NA,"roadside",55.464531,-4.631673,"measurement","scotarc"
"2862",2741,"cark","South Ayrshire Maybole","no2",2010-04-08,2012-03-08,"urban_background",55.350641,-4.694868,"measurement","scotarc"
"2866",2628,"tarb","South Ayrshire Tarbolton","no2",2009-01-01,2010-03-24,"roadside",55.511047,-4.486286,"measurement","scotarc"
"2872",1800,"82681","SOUTH LANARKSHIRE 1N","no2",1996-12-31,2001-12-04,NA,NA,NA,"md_measurement","scotarc"
"2873",1801,"82682","SOUTH LANARKSHIRE 2N","no2",1996-12-31,2000-11-28,NA,NA,NA,"md_measurement","scotarc"
"2874",1802,"82683","SOUTH LANARKSHIRE 3N","no2",1996-12-31,2001-12-04,NA,NA,NA,"md_measurement","scotarc"
"2875",1803,"82684","SOUTH LANARKSHIRE 4N","no2",1996-12-31,1997-12-02,NA,NA,NA,"md_measurement","scotarc"
"2876",1817,"82860","SOUTH LANARKSHIRE 5N","no2",1998-12-29,2001-12-04,NA,NA,NA,"md_measurement","scotarc"
"2880",3286,"sl07","South Lanarkshire Cambuslang","no2",2015-10-15,NA,NA,55.818802,-4.167073,"measurement","scotarc"
"2890",2518,"ek0","South Lanarkshire East Kilbride","no2",2008-01-01,NA,"roadside",55.775278,-4.163611,"measurement","scotarc"
"2903",3177,"sl05","South Lanarkshire Hamilton","no2",2013-01-01,NA,"roadside",55.774018,-4.03736,"measurement","scotarc"
"2905",2825,"sl03","South Lanarkshire Lanark","no2",2012-01-01,NA,"roadside",55.673936,-3.775658,"measurement","scotarc"
"2911",3260,"sl03","South Lanarkshire Lanark","pm25",2015-04-10,NA,NA,55.673936,-3.775658,"measurement","scotarc"
"2915",3258,"sl03","South Lanarkshire Lanark","pm10",2015-04-10,NA,NA,55.673936,-3.775658,"measurement","scotarc"
"2921",2762,"sl01","South Lanarkshire Raith Interchange","no2",2010-04-01,2014-04-23,"roadside",55.800157,-4.057717,"measurement","scotarc"
"2927",2828,"sl04","South Lanarkshire Rutherglen","no2",2012-01-01,NA,"roadside",55.828408,-4.218786,"measurement","scotarc"
"2936",3252,"sl06","South Lanarkshire Uddingston","pm25",2015-03-01,NA,NA,55.818357,-4.081839,"measurement","scotarc"
"2939",3250,"sl06","South Lanarkshire Uddingston","pm10",2015-03-01,NA,NA,55.818357,-4.081839,"measurement","scotarc"
"2940",3180,"sl06","South Lanarkshire Uddingston","no2",2013-01-01,NA,"roadside",55.818357,-4.081839,"measurement","scotarc"
"2942",1835,"83592","ST ANDREWS 1N","no2",2001-01-02,NA,NA,NA,NA,"md_measurement","scotarc"
"2943",1684,"81919","ST ANDREWS 4N","no2",1992-12-29,NA,NA,NA,NA,"md_measurement","scotarc"
"2971",1796,"82673","STIRLING 1N","no2",1996-12-31,NA,NA,NA,NA,"md_measurement","scotarc"
"2972",1797,"82674","STIRLING 2N","no2",1996-12-31,1997-12-02,NA,NA,NA,"md_measurement","scotarc"
"2973",1798,"82675","STIRLING 3N","no2",1996-12-31,NA,NA,NA,NA,"md_measurement","scotarc"
"2974",1799,"82676","STIRLING 4N","no2",1996-12-31,1997-12-02,NA,NA,NA,"md_measurement","scotarc"
"2975",1808,"82738","STIRLING 5N","no2",1998-12-29,2000-11-28,NA,NA,NA,"md_measurement","scotarc"
"2976",1809,"82739","STIRLING 6N","no2",1998-12-29,NA,NA,NA,NA,"md_measurement","scotarc"
"2977",1838,"83595","STIRLING 7N","no2",2001-01-02,NA,NA,NA,NA,"md_measurement","scotarc"
"2988",2713,"strl","Stirling Craig's Roundabout","pm10",2009-01-01,NA,"roadside",56.11472,-3.932178,"measurement","scotarc"
"2990",2710,"strl","Stirling Craig's Roundabout","no2",2009-01-01,NA,"roadside",56.11472,-3.932178,"measurement","scotarc"
"2991",1697,"81936","STONEHAVEN 1N","no2",1992-12-29,NA,NA,NA,NA,"md_measurement","scotarc"
"2992",1698,"81937","STONEHAVEN 2N","no2",1992-12-29,1995-11-28,NA,NA,NA,"md_measurement","scotarc"
"2993",1699,"81938","STONEHAVEN 3N","no2",1992-12-29,NA,NA,NA,NA,"md_measurement","scotarc"
"2994",1700,"81939","STONEHAVEN 4N","no2",1900-01-01,1900-01-01,NA,NA,NA,"md_measurement","scotarc"
"2995",1725,"82045","STONEHAVEN 5N","no2",1900-01-01,1900-01-01,NA,NA,NA,"md_measurement","scotarc"
"2996",1757,"82223","STONEHAVEN 6N","no2",1992-12-29,NA,NA,NA,NA,"md_measurement","scotarc"
"2997",1790,"82625","STONEHAVEN 7N","no2",1995-01-03,2000-11-28,NA,NA,NA,"md_measurement","scotarc"
"3000",1621,"81013","STORNOWAY 1N","no2",1992-12-29,NA,NA,NA,NA,"md_measurement","scotarc"
"3003",1622,"81014","STORNOWAY 2N","no2",1992-12-29,2000-11-28,NA,NA,NA,"md_measurement","scotarc"
"3006",1623,"81015","STORNOWAY 3N","no2",1992-12-29,NA,NA,NA,NA,"md_measurement","scotarc"
"3009",1624,"81016","STORNOWAY 4N","no2",1992-12-29,NA,NA,NA,NA,"md_measurement","scotarc"
"3010",1843,"83600","STORNOWAY 5N","no2",2004-03-30,NA,NA,NA,NA,"md_measurement","scotarc"
"3011",2197,"sv","Strath Vaich","o3",1987-03-18,NA,"remote",57.734456,-4.776583,"measurement","scotarc"
"3013",2198,"sv","Strath Vaich","no2",1990-10-21,1997-03-14,"remote",57.734456,-4.776583,"measurement","scotarc"
"3063",803,"5010","Strathvaich Dam","no2",1993-02-01,1995-01-02,"rural",NA,NA,"md_measurement","scotarc"
"3126",1665,"81837","THORNLIEBANK 1N","no2",1992-12-29,NA,NA,NA,NA,"md_measurement","scotarc"
"3129",1829,"82975","TRANENT 1N","no2",2001-01-02,NA,NA,NA,NA,"md_measurement","scotarc"
"3132",1826,"82972","TULLIBODY 8N","no2",2001-01-02,NA,NA,NA,NA,"md_measurement","scotarc"
"3133",1885,"84169","Uddingston 1N","no2",2006-01-01,NA,"roadside",NA,NA,"md_measurement","scotarc"
"3134",1886,"84170","Uddingston 2N","no2",2006-01-01,NA,"urban_background",NA,NA,"md_measurement","scotarc"
"3135",1887,"84171","Uddingston 3N","no2",2006-01-01,NA,"roadside",NA,NA,"md_measurement","scotarc"
"3169",2274,"wdb2","West Dunbartonshire Balloch","no2",2006-01-01,2007-04-26,"roadside",55.999653,-4.589842,"measurement","scotarc"
"3173",3255,"wdb3","West Dunbartonshire Clydebank","pm25",2015-03-13,NA,NA,55.91796,-4.406231,"measurement","scotarc"
"3178",2324,"wdb3","West Dunbartonshire Clydebank","pm10",2007-02-01,NA,"roadside",55.91796,-4.406231,"measurement","scotarc"
"3181",2321,"wdb3","West Dunbartonshire Clydebank","no2",2007-02-01,NA,"roadside",55.91796,-4.406231,"measurement","scotarc"
"3185",2329,"wdb4","West Dunbartonshire Glasgow Road","no2",2007-04-26,NA,"roadside",55.943197,-4.55973,"measurement","scotarc"
"3193",2273,"wdb1","West Dunbartonshire John Knox St","pm10",2005-10-01,2006-12-08,"airport",55.894167,-4.391111,"measurement","scotarc"
"3194",2270,"wdb1","West Dunbartonshire John Knox St","no2",2005-10-01,2006-12-08,"airport",55.894167,-4.391111,"measurement","scotarc"
"3202",2527,"brx","West Lothian Broxburn","no2",2008-01-01,NA,"roadside",55.934357,-3.46919,"measurement","scotarc"
"3209",2592,"ling","West Lothian Linlithgow High Street","pm10",2008-01-01,2008-06-30,"roadside",55.976337,-3.604175,"measurement","scotarc"
"3217",2522,"ling","West Lothian Linlithgow High Street","no2",2008-01-01,2013-10-14,"roadside",55.976337,-3.604175,"measurement","scotarc"
"3219",3185,"wlc1","West Lothian Linlithgow High Street 2","no2",2013-10-25,NA,"roadside",55.97671,-3.59731,"measurement","scotarc"
"3224",2850,"wln4","West Lothian Newton","no2",2012-05-23,NA,"roadside",55.983925,-3.455939,"measurement","scotarc"
"3236",2575,"uph","West Lothian Uphall","no2",2008-01-01,2009-11-17,"roadside",55.915364,-3.501989,"measurement","scotarc"
"3237",2579,"uph","West Lothian Uphall","pm10",2008-01-01,2009-04-16,"roadside",55.915364,-3.501989,"measurement","scotarc"
"3241",2573,"uph","West Lothian Uphall","co",2008-01-01,2009-11-17,"roadside",55.915364,-3.501989,"measurement","scotarc"
"3249",2362,"whit","West Lothian Whitburn","pm10",2006-05-01,2010-02-10,"roadside",55.866092,-3.684857,"measurement","scotarc"
"3251",2752,"whit","West Lothian Whitburn","no2",2010-02-10,2012-04-03,"urban_background",55.866092,-3.684857,"measurement","scotarc"
"3254",1906,"84227","WESTHILL 1N","no2",2001-01-01,NA,"urban_background",NA,NA,"md_measurement","scotarc"
"3255",1907,"84228","WESTHILL 2N","no2",2001-01-01,NA,"roadside",NA,NA,"md_measurement","scotarc"
"3256",1625,"81017","WHITBURN 1N","no2",1992-12-29,NA,NA,NA,NA,"md_measurement","scotarc"
"3270",1054,"5106","Whiteadder","no2",1993-02-01,1994-12-26,NA,NA,NA,"md_measurement","scotarc"
