"","date","date_end","site","site_name","variable","value","site_network_id","statistic_type_id","ratified_id","unit_id","unit_name","statistic_type","network_parameter_id","network_id"
"1",2016-08-15,2016-08-16,"ah","Aston Hill","no2",2.972344,1182,12,1,24,"ugm-3","daily_mean",74,"warn"
"2",2016-08-16,2016-08-17,"ah","Aston Hill","no2",4.103906,1182,12,1,24,"ugm-3","daily_mean",74,"warn"
"3",2016-08-17,2016-08-18,"ah","Aston Hill","no2",4.159688,1182,12,1,24,"ugm-3","daily_mean",74,"warn"
"4",2016-08-18,2016-08-19,"ah","Aston Hill","no2",9.235781,1182,12,1,24,"ugm-3","daily_mean",74,"warn"
"5",2016-08-15,2016-08-16,"ah","Aston Hill","o3",68.884912,1183,12,1,24,"ugm-3","daily_mean",77,"warn"
"6",2016-08-16,2016-08-17,"ah","Aston Hill","o3",71.080182,1183,12,1,24,"ugm-3","daily_mean",77,"warn"
"7",2016-08-17,2016-08-18,"ah","Aston Hill","o3",88.60908,1183,12,1,24,"ugm-3","daily_mean",77,"warn"
"8",2016-08-18,2016-08-19,"ah","Aston Hill","o3",85.773523,1183,12,1,24,"ugm-3","daily_mean",77,"warn"
"9",2016-08-15,2016-08-16,"an10","Anglesey Felin Cafnan","pm10",6.75,3190,12,1,117,"ugm-3 (Osiris)","daily_mean",79,"warn"
"10",2016-08-16,2016-08-17,"an10","Anglesey Felin Cafnan","pm10",13.541667,3190,12,1,117,"ugm-3 (Osiris)","daily_mean",79,"warn"
"11",2016-08-17,2016-08-18,"an10","Anglesey Felin Cafnan","pm10",16.291667,3190,12,1,117,"ugm-3 (Osiris)","daily_mean",79,"warn"
"12",2016-08-18,2016-08-19,"an10","Anglesey Felin Cafnan","pm10",18.625,3190,12,1,117,"ugm-3 (Osiris)","daily_mean",79,"warn"
"13",2016-08-15,2016-08-16,"an10","Anglesey Felin Cafnan","pm25",1.916667,3191,12,1,117,"ugm-3 (Osiris)","daily_mean",80,"warn"
"14",2016-08-16,2016-08-17,"an10","Anglesey Felin Cafnan","pm25",3.291667,3191,12,1,117,"ugm-3 (Osiris)","daily_mean",80,"warn"
"15",2016-08-17,2016-08-18,"an10","Anglesey Felin Cafnan","pm25",5.083333,3191,12,1,117,"ugm-3 (Osiris)","daily_mean",80,"warn"
"16",2016-08-18,2016-08-19,"an10","Anglesey Felin Cafnan","pm25",6.666667,3191,12,1,117,"ugm-3 (Osiris)","daily_mean",80,"warn"
"17",2016-08-15,2016-08-16,"ang2","Anglesey Llynfaes","pm25",2.541667,1272,12,1,117,"ugm-3 (Osiris)","daily_mean",80,"warn"
"18",2016-08-16,2016-08-17,"ang2","Anglesey Llynfaes","pm25",5.083333,1272,12,1,117,"ugm-3 (Osiris)","daily_mean",80,"warn"
"19",2016-08-17,2016-08-18,"ang2","Anglesey Llynfaes","pm25",4.75,1272,12,1,117,"ugm-3 (Osiris)","daily_mean",80,"warn"
"20",2016-08-18,2016-08-19,"ang2","Anglesey Llynfaes","pm25",4.833333,1272,12,1,117,"ugm-3 (Osiris)","daily_mean",80,"warn"
"21",2016-08-15,2016-08-16,"ang2","Anglesey Llynfaes","pm10",21.75,1980,12,1,117,"ugm-3 (Osiris)","daily_mean",79,"warn"
"22",2016-08-16,2016-08-17,"ang2","Anglesey Llynfaes","pm10",39.875,1980,12,1,117,"ugm-3 (Osiris)","daily_mean",79,"warn"
"23",2016-08-17,2016-08-18,"ang2","Anglesey Llynfaes","pm10",33.083333,1980,12,1,117,"ugm-3 (Osiris)","daily_mean",79,"warn"
"24",2016-08-18,2016-08-19,"ang2","Anglesey Llynfaes","pm10",29.125,1980,12,1,117,"ugm-3 (Osiris)","daily_mean",79,"warn"
"25",2016-08-15,2016-08-16,"ang5","Anglesey Brynteg","pm25",1.291667,1995,12,1,117,"ugm-3 (Osiris)","daily_mean",38,"waun"
"26",2016-08-16,2016-08-17,"ang5","Anglesey Brynteg","pm25",1.5,1995,12,1,117,"ugm-3 (Osiris)","daily_mean",38,"waun"
"27",2016-08-17,2016-08-18,"ang5","Anglesey Brynteg","pm25",2.333333,1995,12,1,117,"ugm-3 (Osiris)","daily_mean",38,"waun"
"28",2016-08-18,2016-08-19,"ang5","Anglesey Brynteg","pm25",4.05,1995,12,1,117,"ugm-3 (Osiris)","daily_mean",38,"waun"
"29",2016-08-15,2016-08-16,"ang5","Anglesey Brynteg","pm10",3.375,1996,12,1,117,"ugm-3 (Osiris)","daily_mean",37,"waun"
"30",2016-08-16,2016-08-17,"ang5","Anglesey Brynteg","pm10",4.416667,1996,12,1,117,"ugm-3 (Osiris)","daily_mean",37,"waun"
"31",2016-08-17,2016-08-18,"ang5","Anglesey Brynteg","pm10",4.791667,1996,12,1,117,"ugm-3 (Osiris)","daily_mean",37,"waun"
"32",2016-08-18,2016-08-19,"ang5","Anglesey Brynteg","pm10",6.9,1996,12,1,117,"ugm-3 (Osiris)","daily_mean",37,"waun"
"33",2016-08-15,2016-08-16,"cae4","Caerphilly White Street","pm10",23.708333,2008,12,1,112,"ugm-3 (BAM)","daily_mean",37,"waun"
"34",2016-08-16,2016-08-17,"cae4","Caerphilly White Street","pm10",19.583333,2008,12,1,112,"ugm-3 (BAM)","daily_mean",37,"waun"
"35",2016-08-17,2016-08-18,"cae4","Caerphilly White Street","pm10",30.333333,2008,12,1,112,"ugm-3 (BAM)","daily_mean",37,"waun"
"36",2016-08-18,2016-08-19,"cae4","Caerphilly White Street","pm10",32.125,2008,12,1,112,"ugm-3 (BAM)","daily_mean",37,"waun"
"37",2016-08-15,2016-08-16,"cae4","Caerphilly White Street","no2",38.329687,2005,12,1,24,"ugm-3","daily_mean",32,"waun"
"38",2016-08-16,2016-08-17,"cae4","Caerphilly White Street","no2",28.767188,2005,12,1,24,"ugm-3","daily_mean",32,"waun"
"39",2016-08-17,2016-08-18,"cae4","Caerphilly White Street","no2",40.879688,2005,12,1,24,"ugm-3","daily_mean",32,"waun"
"40",2016-08-18,2016-08-19,"cae4","Caerphilly White Street","no2",43.738043,2005,12,1,24,"ugm-3","daily_mean",32,"waun"
"41",2016-08-15,2016-08-16,"cae5","Caerphilly Blackwood High Street","no2",24.942188,2131,12,1,24,"ugm-3","daily_mean",32,"waun"
"42",2016-08-16,2016-08-17,"cae5","Caerphilly Blackwood High Street","no2",23.029688,2131,12,1,24,"ugm-3","daily_mean",32,"waun"
"43",2016-08-17,2016-08-18,"cae5","Caerphilly Blackwood High Street","no2",25.81875,2131,12,1,24,"ugm-3","daily_mean",32,"waun"
"44",2016-08-18,2016-08-19,"cae5","Caerphilly Blackwood High Street","no2",29.103261,2131,12,1,24,"ugm-3","daily_mean",32,"waun"
"45",2016-08-15,2016-08-16,"cae5","Caerphilly Blackwood High Street","pm10",19.75,2152,12,1,112,"ugm-3 (BAM)","daily_mean",37,"waun"
"46",2016-08-16,2016-08-17,"cae5","Caerphilly Blackwood High Street","pm10",21.833333,2152,12,1,112,"ugm-3 (BAM)","daily_mean",37,"waun"
"47",2016-08-17,2016-08-18,"cae5","Caerphilly Blackwood High Street","pm10",25.181818,2152,12,1,112,"ugm-3 (BAM)","daily_mean",37,"waun"
"48",2016-08-18,2016-08-19,"cae5","Caerphilly Blackwood High Street","pm10",NA,2152,12,1,112,"ugm-3 (BAM)","daily_mean",37,"waun"
"49",2016-08-15,2016-08-16,"cae6","Hafod-yr-ynys Roadside","no2",68.475469,2602,12,1,24,"ugm-3","daily_mean",32,"waun"
"50",2016-08-16,2016-08-17,"cae6","Hafod-yr-ynys Roadside","no2",72.746719,2602,12,1,24,"ugm-3","daily_mean",32,"waun"
"51",2016-08-17,2016-08-18,"cae6","Hafod-yr-ynys Roadside","no2",71.447812,2602,12,1,24,"ugm-3","daily_mean",32,"waun"
"52",2016-08-18,2016-08-19,"cae6","Hafod-yr-ynys Roadside","no2",79.711406,2602,12,1,24,"ugm-3","daily_mean",32,"waun"
"53",2016-08-15,2016-08-16,"cae7","Nantgarw Road","no2",37.93125,2605,12,1,24,"ugm-3","daily_mean",32,"waun"
"54",2016-08-16,2016-08-17,"cae7","Nantgarw Road","no2",43.110937,2605,12,1,24,"ugm-3","daily_mean",32,"waun"
"55",2016-08-17,2016-08-18,"cae7","Nantgarw Road","no2",47.971875,2605,12,1,24,"ugm-3","daily_mean",32,"waun"
"56",2016-08-18,2016-08-19,"cae7","Nantgarw Road","no2",44.625,2605,12,1,24,"ugm-3","daily_mean",32,"waun"
"57",2016-08-15,2016-08-16,"cae8","Caerphilly Fochriw","pm25",NA,3032,12,1,112,"ugm-3 (BAM)","daily_mean",38,"waun"
"58",2016-08-16,2016-08-17,"cae8","Caerphilly Fochriw","pm25",NA,3032,12,1,112,"ugm-3 (BAM)","daily_mean",38,"waun"
"59",2016-08-17,2016-08-18,"cae8","Caerphilly Fochriw","pm25",NA,3032,12,1,112,"ugm-3 (BAM)","daily_mean",38,"waun"
"60",2016-08-18,2016-08-19,"cae8","Caerphilly Fochriw","pm25",NA,3032,12,1,112,"ugm-3 (BAM)","daily_mean",38,"waun"
"61",2016-08-15,2016-08-16,"cae8","Caerphilly Fochriw","pm10",NA,3031,12,1,112,"ugm-3 (BAM)","daily_mean",37,"waun"
"62",2016-08-16,2016-08-17,"cae8","Caerphilly Fochriw","pm10",NA,3031,12,1,112,"ugm-3 (BAM)","daily_mean",37,"waun"
"63",2016-08-17,2016-08-18,"cae8","Caerphilly Fochriw","pm10",NA,3031,12,1,112,"ugm-3 (BAM)","daily_mean",37,"waun"
"64",2016-08-18,2016-08-19,"cae8","Caerphilly Fochriw","pm10",NA,3031,12,1,112,"ugm-3 (BAM)","daily_mean",37,"waun"
"65",2016-08-15,2016-08-16,"card","Cardiff Centre","co",0.137764,1186,12,1,27,"mgm-3","daily_mean",29,"waun"
"66",2016-08-16,2016-08-17,"card","Cardiff Centre","co",0.141644,1186,12,1,27,"mgm-3","daily_mean",29,"waun"
"67",2016-08-17,2016-08-18,"card","Cardiff Centre","co",0.178996,1186,12,1,27,"mgm-3","daily_mean",29,"waun"
"68",2016-08-18,2016-08-19,"card","Cardiff Centre","co",0.211011,1186,12,1,27,"mgm-3","daily_mean",29,"waun"
"69",2016-08-15,2016-08-16,"card","Cardiff Centre","no2",17.316094,1187,12,1,24,"ugm-3","daily_mean",32,"waun"
"70",2016-08-16,2016-08-17,"card","Cardiff Centre","no2",18.686719,1187,12,1,24,"ugm-3","daily_mean",32,"waun"
"71",2016-08-17,2016-08-18,"card","Cardiff Centre","no2",21.850312,1187,12,1,24,"ugm-3","daily_mean",32,"waun"
"72",2016-08-18,2016-08-19,"card","Cardiff Centre","no2",20.479688,1187,12,1,24,"ugm-3","daily_mean",32,"waun"
"73",2016-08-15,2016-08-16,"card","Cardiff Centre","pm25",7.795833,2034,12,1,118,"ugm-3 (TEOM FDMS)","daily_mean",38,"waun"
"74",2016-08-16,2016-08-17,"card","Cardiff Centre","pm25",8.733333,2034,12,1,118,"ugm-3 (TEOM FDMS)","daily_mean",38,"waun"
"75",2016-08-17,2016-08-18,"card","Cardiff Centre","pm25",17.525,2034,12,1,118,"ugm-3 (TEOM FDMS)","daily_mean",38,"waun"
"76",2016-08-18,2016-08-19,"card","Cardiff Centre","pm25",23.145833,2034,12,1,118,"ugm-3 (TEOM FDMS)","daily_mean",38,"waun"
"77",2016-08-15,2016-08-16,"card","Cardiff Centre","o3",47.156728,1188,12,1,24,"ugm-3","daily_mean",35,"waun"
"78",2016-08-16,2016-08-17,"card","Cardiff Centre","o3",58.67358,1188,12,1,24,"ugm-3","daily_mean",35,"waun"
"79",2016-08-17,2016-08-18,"card","Cardiff Centre","o3",62.964335,1188,12,1,24,"ugm-3","daily_mean",35,"waun"
"80",2016-08-18,2016-08-19,"card","Cardiff Centre","o3",69.683192,1188,12,1,24,"ugm-3","daily_mean",35,"waun"
"81",2016-08-15,2016-08-16,"chep","Chepstow A48","pm25",10.714286,2263,12,1,118,"ugm-3 (TEOM FDMS)","daily_mean",38,"waun"
"82",2016-08-16,2016-08-17,"chep","Chepstow A48","pm25",9.841667,2263,12,1,118,"ugm-3 (TEOM FDMS)","daily_mean",38,"waun"
"83",2016-08-17,2016-08-18,"chep","Chepstow A48","pm25",17.566667,2263,12,1,118,"ugm-3 (TEOM FDMS)","daily_mean",38,"waun"
"84",2016-08-18,2016-08-19,"chep","Chepstow A48","pm25",26.473913,2263,12,1,118,"ugm-3 (TEOM FDMS)","daily_mean",38,"waun"
"85",2016-08-15,2016-08-16,"chep","Chepstow A48","no2",30.711562,1410,12,1,24,"ugm-3","daily_mean",32,"waun"
"86",2016-08-16,2016-08-17,"chep","Chepstow A48","no2",28.552031,1410,12,1,24,"ugm-3","daily_mean",32,"waun"
"87",2016-08-17,2016-08-18,"chep","Chepstow A48","no2",35.835469,1410,12,1,24,"ugm-3","daily_mean",32,"waun"
"88",2016-08-18,2016-08-19,"chep","Chepstow A48","no2",41.278125,1410,12,1,24,"ugm-3","daily_mean",32,"waun"
"89",2016-08-15,2016-08-16,"cwmb","Cwmbran","no2",15.499943,1223,12,1,24,"ugm-3","daily_mean",32,"waun"
"90",2016-08-16,2016-08-17,"cwmb","Cwmbran","no2",15.092813,1223,12,1,24,"ugm-3","daily_mean",32,"waun"
"91",2016-08-17,2016-08-18,"cwmb","Cwmbran","no2",14.184375,1223,12,1,24,"ugm-3","daily_mean",32,"waun"
"92",2016-08-18,2016-08-19,"cwmb","Cwmbran","no2",16.164783,1223,12,1,24,"ugm-3","daily_mean",32,"waun"
"93",2016-08-15,2016-08-16,"cwmb","Cwmbran","pm10",14.954545,1969,12,1,111,"ugm-3 (TEOM)","daily_mean",37,"waun"
"94",2016-08-16,2016-08-17,"cwmb","Cwmbran","pm10",13.458333,1969,12,1,111,"ugm-3 (TEOM)","daily_mean",37,"waun"
"95",2016-08-17,2016-08-18,"cwmb","Cwmbran","pm10",18.083333,1969,12,1,111,"ugm-3 (TEOM)","daily_mean",37,"waun"
"96",2016-08-18,2016-08-19,"cwmb","Cwmbran","pm10",19,1969,12,1,111,"ugm-3 (TEOM)","daily_mean",37,"waun"
"97",2016-08-15,2016-08-16,"cwmb","Cwmbran","o3",47.905115,1224,12,1,24,"ugm-3","daily_mean",35,"waun"
"98",2016-08-16,2016-08-17,"cwmb","Cwmbran","o3",49.576514,1224,12,1,24,"ugm-3","daily_mean",35,"waun"
"99",2016-08-17,2016-08-18,"cwmb","Cwmbran","o3",61.683761,1224,12,1,24,"ugm-3","daily_mean",35,"waun"
"100",2016-08-18,2016-08-19,"cwmb","Cwmbran","o3",67.778961,1224,12,1,24,"ugm-3","daily_mean",35,"waun"
"101",2016-08-15,2016-08-16,"glm8","V Glamorgan Windsor Road Penarth","pm10",NA,3163,12,1,112,"ugm-3 (BAM)","daily_mean",37,"waun"
"102",2016-08-16,2016-08-17,"glm8","V Glamorgan Windsor Road Penarth","pm10",NA,3163,12,1,112,"ugm-3 (BAM)","daily_mean",37,"waun"
"103",2016-08-17,2016-08-18,"glm8","V Glamorgan Windsor Road Penarth","pm10",NA,3163,12,1,112,"ugm-3 (BAM)","daily_mean",37,"waun"
"104",2016-08-18,2016-08-19,"glm8","V Glamorgan Windsor Road Penarth","pm10",41.083333,3163,12,1,112,"ugm-3 (BAM)","daily_mean",37,"waun"
"105",2016-08-15,2016-08-16,"glm8","V Glamorgan Windsor Road Penarth","no2",30.440625,3157,12,1,24,"ugm-3","daily_mean",32,"waun"
"106",2016-08-16,2016-08-17,"glm8","V Glamorgan Windsor Road Penarth","no2",28.528125,3157,12,1,24,"ugm-3","daily_mean",32,"waun"
"107",2016-08-17,2016-08-18,"glm8","V Glamorgan Windsor Road Penarth","no2",32.910938,3157,12,1,24,"ugm-3","daily_mean",32,"waun"
"108",2016-08-18,2016-08-19,"glm8","V Glamorgan Windsor Road Penarth","no2",23.667188,3157,12,1,24,"ugm-3","daily_mean",32,"waun"
"109",2016-08-15,2016-08-16,"glm8","V Glamorgan Windsor Road Penarth","o3",31.764892,3159,12,1,24,"ugm-3","daily_mean",35,"waun"
"110",2016-08-16,2016-08-17,"glm8","V Glamorgan Windsor Road Penarth","o3",45.069558,3159,12,1,24,"ugm-3","daily_mean",35,"waun"
"111",2016-08-17,2016-08-18,"glm8","V Glamorgan Windsor Road Penarth","o3",43.822246,3159,12,1,24,"ugm-3","daily_mean",35,"waun"
"112",2016-08-18,2016-08-19,"glm8","V Glamorgan Windsor Road Penarth","o3",79.911154,3159,12,1,24,"ugm-3","daily_mean",35,"waun"
"113",2016-08-15,2016-08-16,"npt1","Newport St Julians Comp School","pm25",9.666667,2143,12,1,118,"ugm-3 (TEOM FDMS)","daily_mean",38,"waun"
"114",2016-08-16,2016-08-17,"npt1","Newport St Julians Comp School","pm25",9.025,2143,12,1,118,"ugm-3 (TEOM FDMS)","daily_mean",38,"waun"
"115",2016-08-17,2016-08-18,"npt1","Newport St Julians Comp School","pm25",15.9,2143,12,1,118,"ugm-3 (TEOM FDMS)","daily_mean",38,"waun"
"116",2016-08-18,2016-08-19,"npt1","Newport St Julians Comp School","pm25",22.543478,2143,12,1,118,"ugm-3 (TEOM FDMS)","daily_mean",38,"waun"
"117",2016-08-15,2016-08-16,"npt1","Newport St Julians Comp School","no2",27.73125,1238,12,1,24,"ugm-3","daily_mean",32,"waun"
"118",2016-08-16,2016-08-17,"npt1","Newport St Julians Comp School","no2",31.317188,1238,12,1,24,"ugm-3","daily_mean",32,"waun"
"119",2016-08-17,2016-08-18,"npt1","Newport St Julians Comp School","no2",30.496406,1238,12,1,24,"ugm-3","daily_mean",32,"waun"
"120",2016-08-18,2016-08-19,"npt1","Newport St Julians Comp School","no2",22.750435,1238,12,1,24,"ugm-3","daily_mean",32,"waun"
"121",2016-08-15,2016-08-16,"npt4","Newport M4 Junction 25","no2",45.740625,2706,12,1,24,"ugm-3","daily_mean",32,"waun"
"122",2016-08-16,2016-08-17,"npt4","Newport M4 Junction 25","no2",42.39375,2706,12,1,24,"ugm-3","daily_mean",32,"waun"
"123",2016-08-17,2016-08-18,"npt4","Newport M4 Junction 25","no2",48.689062,2706,12,1,24,"ugm-3","daily_mean",32,"waun"
"124",2016-08-18,2016-08-19,"npt4","Newport M4 Junction 25","no2",69.348913,2706,12,1,24,"ugm-3","daily_mean",32,"waun"
"125",2016-08-15,2016-08-16,"npt4","Newport M4 Junction 25","o3",23.449475,2708,12,1,24,"ugm-3","daily_mean",35,"waun"
"126",2016-08-16,2016-08-17,"npt4","Newport M4 Junction 25","o3",33.511129,2708,12,1,24,"ugm-3","daily_mean",35,"waun"
"127",2016-08-17,2016-08-18,"npt4","Newport M4 Junction 25","o3",39.914,2708,12,1,24,"ugm-3","daily_mean",35,"waun"
"128",2016-08-18,2016-08-19,"npt4","Newport M4 Junction 25","o3",32.712126,2708,12,1,24,"ugm-3","daily_mean",35,"waun"
"129",2016-08-15,2016-08-16,"nth1","Cimla Road / Victoria Gardens","no2",32.761957,2711,12,1,24,"ugm-3","daily_mean",32,"waun"
"130",2016-08-16,2016-08-17,"nth1","Cimla Road / Victoria Gardens","no2",36.3375,2711,12,1,24,"ugm-3","daily_mean",32,"waun"
"131",2016-08-17,2016-08-18,"nth1","Cimla Road / Victoria Gardens","no2",37.771875,2711,12,1,24,"ugm-3","daily_mean",32,"waun"
"132",2016-08-18,2016-08-19,"nth1","Cimla Road / Victoria Gardens","no2",NA,2711,12,1,24,"ugm-3","daily_mean",32,"waun"
"133",2016-08-15,2016-08-16,"pemb","Narberth","no2",3.745312,1208,12,1,24,"ugm-3","daily_mean",74,"warn"
"134",2016-08-16,2016-08-17,"pemb","Narberth","no2",5.028281,1208,12,1,24,"ugm-3","daily_mean",74,"warn"
"135",2016-08-17,2016-08-18,"pemb","Narberth","no2",6.69375,1208,12,1,24,"ugm-3","daily_mean",74,"warn"
"136",2016-08-18,2016-08-19,"pemb","Narberth","no2",2.719076,1208,12,1,24,"ugm-3","daily_mean",74,"warn"
"137",2016-08-15,2016-08-16,"pemb","Narberth","o3",63.521468,1209,12,1,24,"ugm-3","daily_mean",77,"warn"
"138",2016-08-16,2016-08-17,"pemb","Narberth","o3",82.197894,1209,12,1,24,"ugm-3","daily_mean",77,"warn"
"139",2016-08-17,2016-08-18,"pemb","Narberth","o3",59.322182,1209,12,1,24,"ugm-3","daily_mean",77,"warn"
"140",2016-08-18,2016-08-19,"pemb","Narberth","o3",72.608772,1209,12,1,24,"ugm-3","daily_mean",77,"warn"
"141",2016-08-15,2016-08-16,"pt11","Port Talbot Prince Street 2","pm25",6.822592,3175,12,1,118,"ugm-3 (TEOM FDMS)","daily_mean",38,"waun"
"142",2016-08-16,2016-08-17,"pt11","Port Talbot Prince Street 2","pm25",8.693867,3175,12,1,118,"ugm-3 (TEOM FDMS)","daily_mean",38,"waun"
"143",2016-08-17,2016-08-18,"pt11","Port Talbot Prince Street 2","pm25",12.444255,3175,12,1,118,"ugm-3 (TEOM FDMS)","daily_mean",38,"waun"
"144",2016-08-18,2016-08-19,"pt11","Port Talbot Prince Street 2","pm25",21.147265,3175,12,1,118,"ugm-3 (TEOM FDMS)","daily_mean",38,"waun"
"145",2016-08-15,2016-08-16,"pt4","Port Talbot Margam","no2",17.037188,1951,12,1,24,"ugm-3","daily_mean",32,"waun"
"146",2016-08-16,2016-08-17,"pt4","Port Talbot Margam","no2",15.921563,1951,12,1,24,"ugm-3","daily_mean",32,"waun"
"147",2016-08-17,2016-08-18,"pt4","Port Talbot Margam","no2",18.559219,1951,12,1,24,"ugm-3","daily_mean",32,"waun"
"148",2016-08-18,2016-08-19,"pt4","Port Talbot Margam","no2",21.61125,1951,12,1,24,"ugm-3","daily_mean",32,"waun"
"149",2016-08-15,2016-08-16,"pt4","Port Talbot Margam","o3",62.723188,1953,12,1,24,"ugm-3","daily_mean",35,"waun"
"150",2016-08-16,2016-08-17,"pt4","Port Talbot Margam","o3",77.009074,1953,12,1,24,"ugm-3","daily_mean",35,"waun"
"151",2016-08-17,2016-08-18,"pt4","Port Talbot Margam","o3",75.14642,1953,12,1,24,"ugm-3","daily_mean",35,"waun"
"152",2016-08-18,2016-08-19,"pt4","Port Talbot Margam","o3",77.736853,1953,12,1,24,"ugm-3","daily_mean",35,"waun"
"153",2016-08-15,2016-08-16,"pt4","Port Talbot Margam","pm25",8.3875,2057,12,1,118,"ugm-3 (TEOM FDMS)","daily_mean",38,"waun"
"154",2016-08-16,2016-08-17,"pt4","Port Talbot Margam","pm25",9.7375,2057,12,1,118,"ugm-3 (TEOM FDMS)","daily_mean",38,"waun"
"155",2016-08-17,2016-08-18,"pt4","Port Talbot Margam","pm25",14.616667,2057,12,1,118,"ugm-3 (TEOM FDMS)","daily_mean",38,"waun"
"156",2016-08-18,2016-08-19,"pt4","Port Talbot Margam","pm25",23.691304,2057,12,1,118,"ugm-3 (TEOM FDMS)","daily_mean",38,"waun"
"157",2016-08-15,2016-08-16,"pt4","Port Talbot Margam","co",0.282804,1957,12,1,27,"mgm-3","daily_mean",29,"waun"
"158",2016-08-16,2016-08-17,"pt4","Port Talbot Margam","co",0.301722,1957,12,1,27,"mgm-3","daily_mean",29,"waun"
"159",2016-08-17,2016-08-18,"pt4","Port Talbot Margam","co",0.405045,1957,12,1,27,"mgm-3","daily_mean",29,"waun"
"160",2016-08-18,2016-08-19,"pt4","Port Talbot Margam","co",0.499594,1957,12,1,27,"mgm-3","daily_mean",29,"waun"
"161",2016-08-15,2016-08-16,"rhd4","Rhondda-Cynon-Taf Broadway","no2",29.9625,1808,12,1,24,"ugm-3","daily_mean",32,"waun"
"162",2016-08-16,2016-08-17,"rhd4","Rhondda-Cynon-Taf Broadway","no2",36.815625,1808,12,1,24,"ugm-3","daily_mean",32,"waun"
"163",2016-08-17,2016-08-18,"rhd4","Rhondda-Cynon-Taf Broadway","no2",42.075,1808,12,1,24,"ugm-3","daily_mean",32,"waun"
"164",2016-08-18,2016-08-19,"rhd4","Rhondda-Cynon-Taf Broadway","no2",41.31,1808,12,1,24,"ugm-3","daily_mean",32,"waun"
"165",2016-08-15,2016-08-16,"rhd6","Rhondda Pontypridd Gelliwastad Rd","no2",37.771875,2338,12,1,24,"ugm-3","daily_mean",32,"waun"
"166",2016-08-16,2016-08-17,"rhd6","Rhondda Pontypridd Gelliwastad Rd","no2",47.254688,2338,12,1,24,"ugm-3","daily_mean",32,"waun"
"167",2016-08-17,2016-08-18,"rhd6","Rhondda Pontypridd Gelliwastad Rd","no2",49.007812,2338,12,1,24,"ugm-3","daily_mean",32,"waun"
"168",2016-08-18,2016-08-19,"rhd6","Rhondda Pontypridd Gelliwastad Rd","no2",NA,2338,12,1,24,"ugm-3","daily_mean",32,"waun"
"169",2016-08-15,2016-08-16,"rhd8","Rhondda Mountain Ash","no2",40.242188,3180,12,1,24,"ugm-3","daily_mean",32,"waun"
"170",2016-08-16,2016-08-17,"rhd8","Rhondda Mountain Ash","no2",45.979688,3180,12,1,24,"ugm-3","daily_mean",32,"waun"
"171",2016-08-17,2016-08-18,"rhd8","Rhondda Mountain Ash","no2",52.59375,3180,12,1,24,"ugm-3","daily_mean",32,"waun"
"172",2016-08-18,2016-08-19,"rhd8","Rhondda Mountain Ash","no2",48.45,3180,12,1,24,"ugm-3","daily_mean",32,"waun"
"173",2016-08-15,2016-08-16,"sw10","Swansea Station Court High Street","no2",47.892187,3183,12,1,24,"ugm-3","daily_mean",32,"waun"
"174",2016-08-16,2016-08-17,"sw10","Swansea Station Court High Street","no2",50.123438,3183,12,1,24,"ugm-3","daily_mean",32,"waun"
"175",2016-08-17,2016-08-18,"sw10","Swansea Station Court High Street","no2",51.6375,3183,12,1,24,"ugm-3","daily_mean",32,"waun"
"176",2016-08-18,2016-08-19,"sw10","Swansea Station Court High Street","no2",60.403125,3183,12,1,24,"ugm-3","daily_mean",32,"waun"
"177",2016-08-15,2016-08-16,"swa1","Swansea Roadside","no2",43.41375,1830,12,1,24,"ugm-3","daily_mean",32,"waun"
"178",2016-08-16,2016-08-17,"swa1","Swansea Roadside","no2",42.632812,1830,12,1,24,"ugm-3","daily_mean",32,"waun"
"179",2016-08-17,2016-08-18,"swa1","Swansea Roadside","no2",43.357969,1830,12,1,24,"ugm-3","daily_mean",32,"waun"
"180",2016-08-18,2016-08-19,"swa1","Swansea Roadside","no2",32.400938,1830,12,1,24,"ugm-3","daily_mean",32,"waun"
"181",2016-08-15,2016-08-16,"swa1","Swansea Roadside","pm25",21.858333,1864,12,1,112,"ugm-3 (BAM)","daily_mean",38,"waun"
"182",2016-08-16,2016-08-17,"swa1","Swansea Roadside","pm25",21.083333,1864,12,1,112,"ugm-3 (BAM)","daily_mean",38,"waun"
"183",2016-08-17,2016-08-18,"swa1","Swansea Roadside","pm25",26.154545,1864,12,1,112,"ugm-3 (BAM)","daily_mean",38,"waun"
"184",2016-08-18,2016-08-19,"swa1","Swansea Roadside","pm25",35.126087,1864,12,1,112,"ugm-3 (BAM)","daily_mean",38,"waun"
"185",2016-08-15,2016-08-16,"swa1","Swansea Roadside","pm10",27.716667,2378,12,1,112,"ugm-3 (BAM)","daily_mean",37,"waun"
"186",2016-08-16,2016-08-17,"swa1","Swansea Roadside","pm10",30.666667,2378,12,1,112,"ugm-3 (BAM)","daily_mean",37,"waun"
"187",2016-08-17,2016-08-18,"swa1","Swansea Roadside","pm10",38.126087,2378,12,1,112,"ugm-3 (BAM)","daily_mean",37,"waun"
"188",2016-08-18,2016-08-19,"swa1","Swansea Roadside","pm10",45.404167,2378,12,1,112,"ugm-3 (BAM)","daily_mean",37,"waun"
"189",2016-08-15,2016-08-16,"swa5","Swansea Morriston Roadside","pm25",10.422083,3194,12,1,112,"ugm-3 (BAM)","daily_mean",38,"waun"
"190",2016-08-16,2016-08-17,"swa5","Swansea Morriston Roadside","pm25",11.368333,3194,12,1,112,"ugm-3 (BAM)","daily_mean",38,"waun"
"191",2016-08-17,2016-08-18,"swa5","Swansea Morriston Roadside","pm25",15.5275,3194,12,1,112,"ugm-3 (BAM)","daily_mean",38,"waun"
"192",2016-08-18,2016-08-19,"swa5","Swansea Morriston Roadside","pm25",21.555,3194,12,1,112,"ugm-3 (BAM)","daily_mean",38,"waun"
"193",2016-08-15,2016-08-16,"swa5","Swansea Morriston Roadside","no2",21.230829,1255,12,1,24,"ugm-3","daily_mean",32,"waun"
"194",2016-08-16,2016-08-17,"swa5","Swansea Morriston Roadside","no2",22.583091,1255,12,1,24,"ugm-3","daily_mean",32,"waun"
"195",2016-08-17,2016-08-18,"swa5","Swansea Morriston Roadside","no2",23.644736,1255,12,1,24,"ugm-3","daily_mean",32,"waun"
"196",2016-08-18,2016-08-19,"swa5","Swansea Morriston Roadside","no2",19.19467,1255,12,1,24,"ugm-3","daily_mean",32,"waun"
"197",2016-08-15,2016-08-16,"swa5","Swansea Morriston Roadside","o3",38.737898,1256,12,1,24,"ugm-3","daily_mean",35,"waun"
"198",2016-08-16,2016-08-17,"swa5","Swansea Morriston Roadside","o3",47.448635,1256,12,1,24,"ugm-3","daily_mean",35,"waun"
"199",2016-08-17,2016-08-18,"swa5","Swansea Morriston Roadside","o3",45.152496,1256,12,1,24,"ugm-3","daily_mean",35,"waun"
"200",2016-08-18,2016-08-19,"swa5","Swansea Morriston Roadside","o3",59.573483,1256,12,1,24,"ugm-3","daily_mean",35,"waun"
"201",2016-08-15,2016-08-16,"swa7","Swansea Hafod DOAS","o3",33.511129,1562,12,5,24,"ugm-3","daily_mean",35,"waun"
"202",2016-08-16,2016-08-17,"swa7","Swansea Hafod DOAS","o3",47.813646,1562,12,5,24,"ugm-3","daily_mean",35,"waun"
"203",2016-08-17,2016-08-18,"swa7","Swansea Hafod DOAS","o3",43.489629,1562,12,5,24,"ugm-3","daily_mean",35,"waun"
"204",2016-08-18,2016-08-19,"swa7","Swansea Hafod DOAS","o3",48.728342,1562,12,5,24,"ugm-3","daily_mean",35,"waun"
"205",2016-08-15,2016-08-16,"swa7","Swansea Hafod DOAS","no2",49.246875,1559,12,5,24,"ugm-3","daily_mean",32,"waun"
"206",2016-08-16,2016-08-17,"swa7","Swansea Hafod DOAS","no2",47.095312,1559,12,5,24,"ugm-3","daily_mean",32,"waun"
"207",2016-08-17,2016-08-18,"swa7","Swansea Hafod DOAS","no2",54.825,1559,12,5,24,"ugm-3","daily_mean",32,"waun"
"208",2016-08-18,2016-08-19,"swa7","Swansea Hafod DOAS","no2",57.773438,1559,12,5,24,"ugm-3","daily_mean",32,"waun"
"209",2016-08-15,2016-08-16,"swa8","Swansea St Thomas DOAS","o3",37.169912,2391,12,5,24,"ugm-3","daily_mean",35,"waun"
"210",2016-08-16,2016-08-17,"swa8","Swansea St Thomas DOAS","o3",53.8839,2391,12,5,24,"ugm-3","daily_mean",35,"waun"
"211",2016-08-17,2016-08-18,"swa8","Swansea St Thomas DOAS","o3",52.88605,2391,12,5,24,"ugm-3","daily_mean",35,"waun"
"212",2016-08-18,2016-08-19,"swa8","Swansea St Thomas DOAS","o3",60.120462,2391,12,5,24,"ugm-3","daily_mean",35,"waun"
"213",2016-08-15,2016-08-16,"swa8","Swansea St Thomas DOAS","no2",42.632812,2387,12,5,24,"ugm-3","daily_mean",32,"waun"
"214",2016-08-16,2016-08-17,"swa8","Swansea St Thomas DOAS","no2",39.764063,2387,12,5,24,"ugm-3","daily_mean",32,"waun"
"215",2016-08-17,2016-08-18,"swa8","Swansea St Thomas DOAS","no2",40.48125,2387,12,5,24,"ugm-3","daily_mean",32,"waun"
"216",2016-08-18,2016-08-19,"swa8","Swansea St Thomas DOAS","no2",40.242188,2387,12,5,24,"ugm-3","daily_mean",32,"waun"
"217",2016-08-15,2016-08-16,"swa9","Swansea Cwm Level Park","no2",18.009375,2061,12,1,24,"ugm-3","daily_mean",32,"waun"
"218",2016-08-16,2016-08-17,"swa9","Swansea Cwm Level Park","no2",19.284375,2061,12,1,24,"ugm-3","daily_mean",32,"waun"
"219",2016-08-17,2016-08-18,"swa9","Swansea Cwm Level Park","no2",22.95,2061,12,1,24,"ugm-3","daily_mean",32,"waun"
"220",2016-08-18,2016-08-19,"swa9","Swansea Cwm Level Park","no2",16.713587,2061,12,1,24,"ugm-3","daily_mean",32,"waun"
"221",2016-08-15,2016-08-16,"swa9","Swansea Cwm Level Park","o3",38.500379,2063,12,1,24,"ugm-3","daily_mean",35,"waun"
"222",2016-08-16,2016-08-17,"swa9","Swansea Cwm Level Park","o3",51.638738,2063,12,1,24,"ugm-3","daily_mean",35,"waun"
"223",2016-08-17,2016-08-18,"swa9","Swansea Cwm Level Park","o3",48.478879,2063,12,1,24,"ugm-3","daily_mean",35,"waun"
"224",2016-08-18,2016-08-19,"swa9","Swansea Cwm Level Park","o3",62.410982,2063,12,1,24,"ugm-3","daily_mean",35,"waun"
"225",2016-08-15,2016-08-16,"wrex","Wrexham","no2",20.105156,1233,12,1,24,"ugm-3","daily_mean",32,"waun"
"226",2016-08-16,2016-08-17,"wrex","Wrexham","no2",19.834219,1233,12,1,24,"ugm-3","daily_mean",32,"waun"
"227",2016-08-17,2016-08-18,"wrex","Wrexham","no2",24.67125,1233,12,1,24,"ugm-3","daily_mean",32,"waun"
"228",2016-08-18,2016-08-19,"wrex","Wrexham","no2",22.814531,1233,12,1,24,"ugm-3","daily_mean",32,"waun"
